1CSE_E_I;LI38G;2.2488334837936144
1CSE_E_I;LI38S;1.1722287392442992
1CSE_E_I;LI38P;6.671276453351192
1CSE_E_I;LI38I;2.9409875695104875
1CSE_E_I;LI38D;4.350433681449671
1CSE_E_I;LI38E;2.3495799853143824
1ACB_E_I;LI38G;6.0329104263395
1ACB_E_I;LI38S;4.950962020246454
1ACB_E_I;LI38P;6.8523425360905685
1ACB_E_I;LI38I;4.230435100994342
1ACB_E_I;LI38D;6.771166322627187
1ACB_E_I;LI38E;6.553915374192578
1SBN_E_I;RI38K;-0.30984343930282465
1SIB_E_I;KI46R;-0.731158773581674
1TM1_E_I;YI42A;2.579257653791639
1TM1_E_I;YI42G;4.678612295367821
1TM1_E_I;RI46A;3.4162153920633656
1TM1_E_I;RI48A;3.009266539117107
1TM1_E_I;RI48C;3.234173525639144
1TM1_E_I;RI48A,RI46A;5.0493814605057485
1TM1_E_I;TI39D;2.098017667364771
1TM1_E_I;TI39A;2.6490356736186387
1TM1_E_I;EI41A;2.9879328371381986
1TM1_E_I;TI39A,EI41A;3.388690196389553
1TM1_E_I;TI39D,EI41A;0.7537916145686153
1TM1_E_I;VI51A;0.02484926498331439
1Y1K_E_I;AI39T;-2.7269695764911295
1Y33_E_I;PI39T;-3.754120390544672
1Y34_E_I;AI41E;-3.0526816709112428
1Y3B_E_I;SI41E;-2.746386198601838
1Y4A_E_I;SI40E,RI39M;-3.547869216278063
1Y3C_E_I;AI43R;-1.255522363745299
1Y48_E_I;AI46R;-3.754120390544672
1Y3D_E_I;AI48R;-3.0965649971026488
1TM1_E_I;TI39P;3.754120390544672
1TM1_E_I;EI41S;2.746386198601838
1TM1_E_I;EI41S,MI40R;3.547869216278063
1TM1_E_I;RI43A;1.255522363745299
1TM4_E_I;GI40M;-2.2317820311243097
1TM5_E_I;AI40M;-1.0271508140535424
1TM3_E_I;KI40M;-1.0930135098545244
1TM7_E_I;YI40M;-0.056438296557877826
1TMG_E_I;FI40M;-1.0271508140535424
1TO1_E_I;AI42Y;-2.980082225320673
1TM1_E_I;MI40G;2.2317820311243097
1TM1_E_I;MI40A;1.0271508140535424
1TM1_E_I;MI40K;1.0930135098545244
1TM1_E_I;MI40Y;0.056438296557877736
1TM1_E_I;MI40F;1.0271508140535424
2SIC_E_I;MI67E;0.795697797288175
2SIC_E_I;MI67D;0.7511539535495393
2SIC_E_I;MI67H;0.21774966991984776
2SIC_E_I;MI67K;0.0
2SIC_E_I;MI67R;0.0
2SIC_E_I;MI67G;0.14515022432927793
2SIC_E_I;MI67A;0.21774966991984776
2SIC_E_I;MI67L;-0.24009775306543038
2SIC_E_I;MI67V;0.7129372152866678
2SIC_E_I;MI67I;1.6035825413109952
1IAR_A_B;IA5A;1.1707846382719458
1IAR_A_B;IA5R;0.795697797288175
1IAR_A_B;TA6A;-0.1035922650362157
1IAR_A_B;TA6D;1.392027851774514
1IAR_A_B;QA8A;-0.022348083145582794
1IAR_A_B;QA8R;0.03890170527932184
1IAR_A_B;EA9Q;3.1112632363228094
1IAR_A_B;IA11A;0.06893284613763419
1IAR_A_B;KA12S;-0.014804619098393966
1IAR_A_B;KA12E;0.13940111198841673
1IAR_A_B;TA13A;0.9780844882983267
1IAR_A_B;TA13D;-0.21856251001960764
1IAR_A_B;NA15A;-0.03384657879882158
1IAR_A_B;NA15D;-0.07802769424452617
1IAR_A_B;SA16A;-0.182663402581035
1IAR_A_B;SA16D;-0.1035922650362157
1IAR_A_B;EA19A;-0.31979584029263186
1IAR_A_B;EA19R;-0.11680070678005292
1IAR_A_B;RA53Q;0.8353431343614385
1IAR_A_B;KA77A;0.15367057161098757
1IAR_A_B;KA77E;0.6115179945962655
1IAR_A_B;QA78A;0.12477928465554107
1IAR_A_B;QA78E;0.2449515008942045
1IAR_A_B;RA81A;0.47938266603110086
1IAR_A_B;RA81E;1.460998974239345
1IAR_A_B;FA82A;-0.0864271814544429
1IAR_A_B;FA82D;-0.5803147176938651
1IAR_A_B;KA84A;0.34480210101250564
1IAR_A_B;KA84D;1.8791492136960462
1IAR_A_B;RA85A;0.4266742298545553
1IAR_A_B;RA85E;1.2239934157707764
1IAR_A_B;RA88Q;2.8275759570817716
1IAR_A_B;RA88A;3.7528288874815803
1IAR_A_B;NA89A;1.5580097591385
1IAR_A_B;WA91A;0.7291616252477564
1IAR_A_B;WA91D;1.3059488937465684
1BRS_A_D;KA25A;5.123475193656312
1BRS_A_D;RA57A;4.986241782430553
1BRS_A_D;RA81Q;5.4172993901379405
1BRS_A_D;RA85A;5.755514137915802
1BRS_A_D;HA100A;6.344083990316946
1BRS_A_D;YD29F;-0.13213532856516472
1BRS_A_D;YD29A;3.4687980787332435
1BRS_A_D;DD35A;4.284246311397723
1BRS_A_D;WD38F;1.6417992795738667
1BRS_A_D;DD39A;6.78963872102047
1BRS_A_D;TD42A;1.8566951901405389
1BRS_A_D;WD44F;0.05643829655787785
1BRS_A_D;ED74A;1.0933115989407127
1BRS_A_D;ED78A;0.4765174841760491
1BRS_A_D;KA25A,YD29A;8.620249836322301
1BRS_A_D;KA25A,DD35A;9.544393517718953
1BRS_A_D;KA25A,WD38F;5.110597358307111
1BRS_A_D;KA25A,DD39A;8.273879114737696
1BRS_A_D;KA25A,TD42A;5.721045349064843
1BRS_A_D;KA25A,ED74A;6.692644656572282
1BRS_A_D;KA25A,ED78A;5.510377449540137
1BRS_A_D;RA57A,YD29A;8.11851908714562
1BRS_A_D;RA57A,DD35A;6.33127708932707
1BRS_A_D;RA57A,WD38F;6.274838792769192
1BRS_A_D;RA57A,TD42A;6.817423941227824
1BRS_A_D;RA57A,ED74A;4.967792301081506
1BRS_A_D;RA57A,ED78A;5.198849360680869
1BRS_A_D;RA81Q,YD29A;8.288871153973654
1BRS_A_D;RA81Q,DD35A;9.600831814276832
1BRS_A_D;RA81Q,WD38F;6.755034298900053
1BRS_A_D;RA81Q,DD39A;6.435865408289804
1BRS_A_D;RA81Q,TD42A;6.104486725941157
1BRS_A_D;RA81Q,ED74A;6.717694176518512
1BRS_A_D;RA81Q,ED78A;5.761144931266008
1BRS_A_D;RA85A,YD29A;8.048773400908225
1BRS_A_D;RA85A,WD38F;7.037446757584789
1BRS_A_D;RA85A,DD39A;7.181708528754609
1BRS_A_D;RA85A,TD42A;7.016667295011306
1BRS_A_D;RA85A,ED74A;6.862996723400319
1BRS_A_D;RA85A,ED78A;6.123903348051865
1BRS_A_D;HA100A,YD29A;6.303730079724639
1BRS_A_D;HA100A,YD29F;5.546909538246566
1BRS_A_D;HA100A,WD38F;7.638323581014758
1BRS_A_D;HA100A,DD39A;8.986816330024363
1BRS_A_D;HA100A,TD42A;8.131533982909732
1BRS_A_D;HA100A,ED74A;7.559252443469939
1BRS_A_D;HA100A,ED78A;6.741726909220537
1BRS_A_D;RA57A,DD39A;11.355618900023348
1BRS_A_D;EA71Q;1.4513722760373646
1BRS_A_D;EA71Q,DD39A;7.203700857056392
1BRS_A_D;EA71Q,ED74A;3.5252363752911218
1BRS_A_D;EA71W;1.6564211069067425
1BRS_A_D;EA71W,DD39A;6.661886240807582
1BRS_A_D;EA71W,DD35A;5.70962080332362
1BRS_A_D;EA71W,ED74A;3.547869216278063
1BRS_A_D;EA71Y;2.4125190687714273
1BRS_A_D;EA71F;2.2340551775614266
1BRS_A_D;EA71F,DD39A;7.470917577895199
1BRS_A_D;EA71F,DD35A;6.406974121334358
1BRS_A_D;EA71C;2.5274893137548196
1BRS_A_D;EA71S;3.00897351227612
1BRS_A_D;EA71A;2.351711418926946
1BRS_A_D;EA71A,DD39A;7.181708528754609
1BRS_A_D;EA71A,DD35A;6.436992247677791
1BRS_A_D;RA57K;2.4868718234256995
1BRS_A_D;HA100Q;4.5483017877219725
1BRS_A_D;HA100D;4.5483017877219725
1BRS_A_D;HA100G;6.817423941227824
1BRS_A_D;HA100L;7.662496485079656
1BRS_A_D;HA100Q,RA57K;6.908704870511042
1BRS_A_D;HA100Q,RA57A;9.304295764653522
1B2U_A_D;AA27K;-5.043489333088793
1B2U_A_D;AD36D;-4.166151396743981
1B2U_A_D;AA27K,AD36D;-9.544393517718953
1B2S_A_D;AA27K;-3.8643501589243043
1B2S_A_D;AD43T;-2.2544773124169257
1B2S_A_D;AA27K,AD43T;-7.632719433391898
1B3S_A_D;AA102H;-5.67904486681173
1B3S_A_D;FD30Y;0.595793925957462
1B3S_A_D;AA102H,FD30Y;-7.545651527982759
1X1W_A_D;AD81E;-0.4104498198934667
1X1X_A_D;AD76E;-0.8231384096358606
1BRS_A_D;WA33F;1.259628326981933
1BRS_A_D;DA52A;-0.5278476597528945
1BRS_A_D;NA56A;3.0895073240758553
1BRS_A_D;EA58A;0.0944460365287074
1SBB_A_B;LB20T;-0.09684142768889988
1SBB_A_B;VB26Y;-1.2717229334392834
1SBB_A_B;YB91V;0.08314106812428519
1JCK_A_B;TB20A;1.5435495105293822
1JCK_A_B;YB26A;1.7649610338029813
1JCK_A_B;NB60A;1.4330077232758673
1JCK_A_B;YB90A;2.4220301664613872
1JCK_A_B;VB91A;2.130952899326576
1JCK_A_B;KB103A;0.49403085747692893
1JCK_A_B;FB176A;2.017556701361122
1GCQ_AB_C;PC5A;0.7674498063435184
1GCQ_AB_C;AC42G;1.3528150595851247
1GCQ_AB_C;WC47Y;2.146167689769627
1GCQ_AB_C;PC67A;1.315793385137955
1GCQ_AB_C;PC18A;0.12074740221851077
1GCQ_AB_C;PC19A;0.08520750250687315
1GCQ_AB_C;GC21V;-0.025201842498758356
1E96_A_B;NA26H;1.0854474195615498
1E96_A_B;IA33N;2.0077513733569483
1E96_A_B;DA38N;2.16393961615633
1E96_A_B;MA45T;0.35969324529601354
1E96_A_B;KA132E;-0.18658465053373197
1E96_A_B;LA134R;-0.12524181428528647
1AK4_A_D;PD85A;1.7669126910400452
1AK4_A_D;VD86A;1.6729941007377522
1AK4_A_D;HD87A;1.6912156590327585
1AK4_A_D;HD87Q;1.6541939845855889
1AK4_A_D;HD87R;2.3266178048725195
1AK4_A_D;AD88V;1.451117905967328
1AK4_A_D;AD88G;3.3352537084555522
1AK4_A_D;GD89A;2.7581643976550154
1AK4_A_D;GD89V;3.711199366007113
1AK4_A_D;PD90A;2.853659963375861
1AK4_A_D;ID91A;0.9218401471882128
1AK4_A_D;ID91V;0.6817423941227825
1AK4_A_D;AD92G;1.2625442808442855
1AK4_A_D;AD92V;1.040668086073861
1AK4_A_D;PD93A;1.3643060840838401
1M9E_A_D;AD76H;-1.6912156590327585
2B42_A_B;HA357A;1.6211478042605796
2B42_A_B;HA357Q;1.0647462969527026
2B42_A_B;HA357K;2.5406589081690485
2I26_N_L;AN29V;0.030373525325609992
2I26_N_L;SN60R;-0.62612539340318
2HLE_A_B;KA141Q;-0.4104498198934667
2HLE_A_B;LA87R;2.2861462312720526
2I9B_A_E;RE129A;-0.2874953561572418
2I9B_A_E;KE131A;0.673939099404773
2I9B_A_E;RE134A;0.3630522168016553
2I9B_A_E;HE135A;0.6612947630518102
2I9B_A_E;RE137A;0.4201310260446918
1AHW_AB_C;TC110A,KC111K;0.6388213695852235
1AHW_AB_C;KC138A,DC139A;1.1814065180438549
1AHW_AB_C;YC146A;-1.8889048531224233
1AHW_AB_C;KC154A,KC155A;-1.3296382094467434
1AHW_AB_C;TC156A;-0.07411584570144414
1AHW_AB_C;TC159A;1.105709486036568
1AHW_AB_C;LC165A;0.9868815471509196
1AHW_AB_C;DC167A;-0.4845656655949109
1AHW_AB_C;TC186A;1.3458072391019984
1AHW_AB_C;VC187A;-0.31421359876687466
1AHW_AB_C;NC188A;1.0781624764341367
1UUZ_A_D;HA62Q;1.518844815837642
1UUZ_A_D;HA62N;1.518844815837642
1UUZ_A_D;HA62D;3.3775171494500267
1UUZ_A_D;HA62A;1.7739346081390315
1UUZ_A_D;CA64A;0.6505475729588972
1DVF_AB_CD;HA30A;1.649290688421717
1DVF_AB_CD;YA32A;2.0302567711655506
1DVF_AB_CD;YA49A;1.6784969436118797
1DVF_AB_CD;YA50A;0.6877353727879093
1DVF_AB_CD;WA92A;0.3407041336560725
1DVF_AB_CD;SA93A;1.1623743056528273
1DVF_AB_CD;TB30A;0.907462186179603
1DVF_AB_CD;YB32A;1.831368958623427
1DVF_AB_CD;WB52A;4.132769070355999
1DVF_AB_CD;DB54A;4.281018425077348
1DVF_AB_CD;NB56A;1.1623743056528273
1DVF_AB_CD;DB58A;1.5999159418580597
1DVF_AB_CD;EB98A;4.186416377050934
1DVF_AB_CD;RB99A;1.8745409887296736
1DVF_AB_CD;DB100A;2.7893592188189
1DVF_AB_CD;YB101F;2.012201899407801
1DVF_AB_CD;YD102A;4.739171475898931
1DVF_AB_CD;YC49A;1.860497154531701
1DVF_AB_CD;QD104A;1.6286320612572238
1DVF_AB_CD;ND55A;1.860497154531701
1DVF_AB_CD;RD106A;4.090454364736694
1DVF_AB_CD;KD30A;1.0034614983533674
1DVF_AB_CD;HD33A;1.860497154531701
1DVF_AB_CD;DD52A;1.6821965935998546
1DVF_AB_CD;ID101A;2.6813967943186343
1DVF_AB_CD;EB98A,YD102A;4.6330395131953255
1DVF_AB_CD;DB54A,YC49A;4.492622176623029
1DVF_AB_CD;DB58A,QD104A;1.464091168836207
1DVF_AB_CD;YA49A,ND55A;2.0302567711655506
1DVF_AB_CD;YA32A,RD106A;4.650329907098103
1DVF_AB_CD;NB56A,QD104A;1.4867818345309423
1DVF_AB_CD;WB52A,QD104A;4.1626318980046815
1DVF_AB_CD;DB100A,HD33A;4.1478887152210895
1DVF_AB_CD;DB100A,DD52A;4.319483497971536
1DVF_AB_CD;YA49A,HD33A;2.62489927940782
1DVF_AB_CD;DB100A,ND55A;4.090454364736694
1DVF_AB_CD;NB56A,ND55A;2.3009651007686016
1DVF_AB_CD;NB56A,HD33A;2.525859093898392
1VFB_AB_C;HA30A;0.8448356348990048
1VFB_AB_C;YA32A;1.5280485921829885
1VFB_AB_C;YA49A;0.7974972679318557
1VFB_AB_C;YA50A;0.45606067535860695
1VFB_AB_C;WA92A;3.037679265016441
1VFB_AB_C;SA93A;0.3431048857223211
1VFB_AB_C;TB30A;-0.055846438517906834
1VFB_AB_C;YB32A;0.7916353478248508
1VFB_AB_C;WB52A;0.6405917697437413
1VFB_AB_C;DB54A;0.8150660851063183
1VFB_AB_C;NB56A;0.17770811073765994
1VFB_AB_C;DB58A;-0.20699182967235497
1VFB_AB_C;EB98A;1.15649295857321
1VFB_AB_C;RB99A;-0.09972976470931248
1VFB_AB_C;DB100A;3.0048349857711423
1VFB_AB_C;YB101F;1.269493904704029
1EFN_A_B;TA13H,EA14H;0.9834084936777081
1EFN_A_B;TA13H;1.2429228688538467
1EFN_A_B;IA12A;1.4502966101290529
2GOX_A_B;RB31A;1.8822272914129123
2GOX_A_B;NB38A;1.4509255857528056
3D5S_A_C;AC31R;-1.8822272914129123
3D5R_A_C;AC38N;-1.4509255857528056
2NOJ_A_B;RB24A,NB31A;0.7483001941963636
3BP8_A_C;FA115A;0.7086306223429616
3BP8_A_C;AC51F;0.6151845940492013
3BP8_A_C;FA115A,AC51F;-0.7741625542423521
2VIS_AB_C;IC89T;-4.911354004523628
2VIR_AB_C;SC115L;3.6800045448432277
2VIR_AB_C;TC89I;4.911354004523628
2HRK_A_B;TB55V;0.6238866235542527
2HRK_A_B;TA108V;0.7207069189544295
2HRK_A_B;KA140A;0.9530349683520981
2WPT_A_B;DA30L;-3.4016900535149257
2WPT_A_B;NA31V;-0.8965966717942202
2WPT_A_B;RA35T;-1.0377726938254515
2WPT_A_B;EA36H;0.03821673826287165
2WPT_A_B;RA39E;-0.3722330816305951
2WPT_A_B;NA31V,RA35T;-2.5869910349887038
2WPT_A_B;DA30L,NA31V,RA35T;-6.332858275632913
2WPT_A_B;NA31V,RA35T,RA39E;-3.2313379866868894
2WPT_A_B;NA31V,RA35T,EA36H,RA39E;-2.9974408548821705
2WPT_A_B;EA27A;1.7330802088570838
2WPT_A_B;DA30A;-0.5612535390063053
2WPT_A_B;NA31A;-0.29928377074385737
2WPT_A_B;VA34A;3.807383591454202
2WPT_A_B;RA35A;-1.110372139416021
2WPT_A_B;EA38A;4.500904184630161
2WPT_A_B;RA39A;-0.24009775306543038
2WPT_A_B;SA47A;2.4244821810979285
2WPT_A_B;PA53A;2.926212930274612
2WPT_A_B;FB79A,DA30A;-0.1321353285651648
2WPT_A_B;FB79A,NA31A;1.3515216759190634
2WPT_A_B;FB79A,VA34A;3.1111868244355243
2WPT_A_B;RB47A;0.8717325898380825
2WPT_A_B;NB65A;0.7009646171144357
2WPT_A_B;SB67A;-0.13403936702326683
2WPT_A_B;NB68A;1.2509689386379015
2WPT_A_B;SB70A;-0.45691132731622797
2WPT_A_B;SB71A;-0.09516114972853425
2WPT_A_B;SB77A;-0.07099251092873746
2WPT_A_B;FB79A;1.3792678757064027
2WPT_A_B;TB80A;0.37637303591341764
2WPT_A_B;QB85A;0.3837753454626146
2WPT_A_B;KB90A;0.6489914061962919
2WPT_A_B;VB91A;0.264845853854363
2VLP_A_B;AB54R;-1.66560878754286
2VLN_A_B;AB75N;-2.334410964022347
2VLQ_A_B;AB86F;-3.878728693052286
2VLO_A_B;AB95K;-1.9595284197180893
1EMV_A_B;QA15E,LA16F,TA18K,TA19K,NA22R,DA24E,TA25G,SA26A,SA27T,EA30D,LA31D,VA32N,TA36R,HA37E,EA40R,MA41L,SA46D,KA55R,EA56D,GA57D,DA58R,DA59E,SA63E,NA67K,TA68E,VA69I,QA71E;8.054439988836759
2WPT_A_B;EA14Q,FA15L,KA17T,KA18T,RA21N,EA23D,GA24T,AA25S,TA26S,DA29E,DA30L,NA31V,RA35T,EA36H,RA39E,LA40M,DA45S,RA54K,DA55E,DA56G,RA57D,EA58D,EA62S,KA66N,EA67T,IA68V,EA70Q;-8.054439988836759
1EMV_A_B;EA30D,LA31D,VA32N,TA36R,HA37E,EA40R,MA41L,SA46D,KA55R,EA56D,GA57D,DA58R,DA59E,SA63E,NA67K,TA68E,VA69I,QA71E;7.986202975822311
2WPT_A_B;EA14Q,FA15L,KA17T,KA18T,RA21N,EA23D,GA24T,AA25S,TA26S;-0.06823701301444642
1EMV_A_B;QA15E,LA16F,TA18K,TA19K,NA22R,DA24E,TA25G,SA26A,SA27T,SA63E,NA67K,TA68E,VA69I,QA71E;2.8551876652824313
2WPT_A_B;DA29E,DA30L,NA31V,RA35T,EA36H,RA39E,LA40M,DA45S,RA54K,DA55E,DA56G,RA57D,EA58D;-5.199252323554327
1EMV_A_B;QA15E,LA16F,TA18K,TA19K,NA22R,DA24E,TA25G,SA26A,SA27T,SA46D,KA55R,EA56D,GA57D,DA58R,DA59E,SA63E,NA67K,TA68E,VA69I,QA71E;1.7031713002047362
2WPT_A_B;DA29E,DA30L,NA31V,RA35T,EA36H,RA39E,LA40M;-6.351268688632022
1EMV_A_B;QA15E,LA16F,TA18K,TA19K,NA22R,SA46D,KA55R,EA56D,GA57D,DA58R,DA59E,SA63E,NA67K,TA68E,VA69I,QA71E;1.4222846190188703
2WPT_A_B;EA23D,GA24T,AA25S,TA26S,DA29E,DA30L,NA31V,RA35T,EA36H,RA39E,LA40M;-6.632155369817888
1EMV_A_B;QA15E,LA16F,SA46D,KA55R,EA56D,GA57D,DA58R,DA59E,SA63E,NA67K,TA68E,VA69I,QA71E;-0.20842421861242266
2WPT_A_B;KA17T,KA18T,RA21N,EA23D,GA24T,AA25S,TA26S,DA29E,DA30L,NA31V,RA35T,EA36H,RA39E,LA40M;-8.262864207449182
1EMV_A_B;SA46D,KA55R,EA56D,GA57D,DA58R,DA59E,SA63E,NA67K,TA68E,VA69I,QA71E;-0.5171122352663345
2WPT_A_B;EA14Q,FA15L,KA17T,KA18T,RA21N,EA23D,GA24T,AA25S,TA26S,DA29E,DA30L,NA31V,RA35T,EA36H,RA39E,LA40M;-8.571552224103092
1EMV_A_B;SA63E,NA67K,TA68E,VA69I,QA71E;0.07907113754481922
2WPT_A_B;EA14Q,FA15L,KA17T,KA18T,RA21N,EA23D,GA24T,AA25S,TA26S,DA29E,DA30L,NA31V,RA35T,EA36H,RA39E,LA40M,DA45S,RA54K,DA55E,DA56G,RA57D,EA58D;-7.975368851291939
1EMV_A_B;RB54A;1.66560878754286
1EMV_A_B;NB72A;1.16460460768395
1EMV_A_B;SB74A;-0.2410066617929094
1EMV_A_B;NB75A;2.334410964022347
1EMV_A_B;SB77A;-0.23287627430118632
1EMV_A_B;SB78A;-0.539866763028048
1EMV_A_B;SB84A;-0.10941734886780935
1EMV_A_B;FB86A;3.878728693052286
1EMV_A_B;TB87A;0.1584260231997658
1EMV_A_B;QB92A;-0.2775883674853905
1EMV_A_B;KB97A;1.9595284197180893
1EMV_A_B;VB98A;1.0887920447193764
1EMV_A_B;FB86A,LA31A;6.676597128335507
1EMV_A_B;FB86A,VA32A;4.663485690986482
1EMV_A_B;FB86A,VA35A;4.066357140129972
1EMV_A_B;FB86A,YA52A;8.719118336449242
1EMV_A_B;FB86A,YA53A;8.25907095829073
1EMV_A_B;CA21A;0.9215060203775755
1EMV_A_B;NA22A;0.13940111198841684
1EMV_A_B;DA24A;0.33657760880549603
1EMV_A_B;TA25A;0.7280937188813272
1EMV_A_B;SA26A;0.17308719372169584
1EMV_A_B;SA27A;0.9559519886336705
1EMV_A_B;EA28A;1.4159220295835282
1EMV_A_B;EA29A;0.3068575548572511
1EMV_A_B;EA30A;0.22027485037638717
1EMV_A_B;LA31A;3.4175587086322143
1EMV_A_B;VA32A;2.5781527527089163
1EMV_A_B;KA33A;0.19188730987385913
1EMV_A_B;LA34A;0.9066721207926282
1EMV_A_B;VA35A;1.6637749495047713
1EMV_A_B;TA36A;0.8995136920757927
1EMV_A_B;EA39A;2.082965207342096
1EMV_A_B;EA40A;0.6578133563821492
1EMV_A_B;TA42A;0.3046765066467958
1EMV_A_B;EA43A;0.212666772447341
1EMV_A_B;HA44A;0.831765154172316
1EMV_A_B;PA45A;0.4372486879943663
1EMV_A_B;SA46A;0.0072657834232521
1EMV_A_B;GA47A;1.4852958766126638
1EMV_A_B;SA48A;2.1871195549261575
1EMV_A_B;DA49A;5.915151095926325
1EMV_A_B;LA50A;0.6010138802341206
1EMV_A_B;IA51A;0.847698507887833
1EMV_A_B;YA52A;4.83436791814608
1EMV_A_B;YA53A;4.6344998195326825
1EMV_A_B;PA54A;1.2422149740657826
1EMV_A_B;DA58A;0.5110562004841087
1EMV_A_B;SA61A;0.8699818924351875
1EMV_A_B;VA66A;1.8557408725775102
1EMV_A_B;NA67A;0.27785740607234194
1FR2_A_B;AA39E;-2.082965207342096
2GYK_A_B;AA49D;-5.915151095926325
1KIQ_AB_C;FB101Y;-2.4948203175295096
1KIP_AB_C;AB32Y;-0.8005487049752682
1KIR_AB_C;SA50Y;-1.3870171796253052
2B0Z_A_B;IB87F;-2.5277262227076474
2B10_A_B;SB87F;-1.1642414344620822
2B11_A_B;WB87F;-0.7537916145686154
2B12_A_B;YB87F;-1.574691254355549
2PCC_A_B;DA34A;-0.8965966717942203
2PCC_A_B;VA197A;2.101623846030991
2PCC_A_B;EA290A;6.19943425467731
2PCC_A_B;KB92A;0.9014172118349728
2PCC_A_B;KB92A,DA34A;0.2029099532364182
2PCC_A_B;KB92A,VA197A;1.500747022601022
2PCC_A_B;KB77A;0.30351633382706034
2PCC_A_B;KB77A,VA197A;2.7995690220816996
2PCC_A_B;KB77A,EA290A;1.1016228961439491
2PCC_A_B;AB86G;1.9008982538773445
2PCC_A_B;AB86G,DA34A;-0.09775262123746646
2PCC_A_B;AB86G,VA197A;2.101623846030991
2PCB_A_B;EA291Q;-0.05649751491081433
2PCB_A_B;EA32Q;0.6054483245339032
2PCB_A_B;EA35Q;0.675667166145808
2PCB_A_B;AA193F;0.7333081549604045
2PCB_A_B;DA34N;0.8208996397869334
2PCB_A_B;EA290N;0.8705703893158616
2JEL_LH_P;FP2Y;0.0
2JEL_LH_P;FP2W;2.619007151990864
2JEL_LH_P;QP3K;4.090454364736694
2JEL_LH_P;QP4K;1.363484788245565
2JEL_LH_P;EP5D;0.4104498198934667
2JEL_LH_P;EP5Q;0.7129372152866678
2JEL_LH_P;VP6F;0.0
2JEL_LH_P;TP7N;0.4104498198934667
2JEL_LH_P;TP7S;0.0
2JEL_LH_P;PP11E;0.0
2JEL_LH_P;NP12D;0.0
2JEL_LH_P;RP17G;0.0
2JEL_LH_P;RP17K;0.0
2JEL_LH_P;KP24E;0.0
2JEL_LH_P;KP27E;0.0
2JEL_LH_P;TP34Q;0.0
2JEL_LH_P;TP36Q;0.4104498198934667
2JEL_LH_P;NP38T;0.0
2JEL_LH_P;SP41C;1.4956201168107297
2JEL_LH_P;SP43C;0.0
2JEL_LH_P;SP46C;0.0
2JEL_LH_P;QP57E;-0.4104498198934667
2JEL_LH_P;TP62N;0.0
2JEL_LH_P;TP62A;0.0
2JEL_LH_P;SP64T;4.090454364736694
2JEL_LH_P;EP66K;4.090454364736694
2JEL_LH_P;EP68A;0.4104498198934667
2JEL_LH_P;DP69E;0.9530349683520981
2JEL_LH_P;EP70K;4.090454364736694
2JEL_LH_P;EP70A;2.72696957649113
2JEL_LH_P;QP71E;2.72696957649113
2JEL_LH_P;KP72R;0.0
2JEL_LH_P;KP72E;0.4104498198934667
2JEL_LH_P;EP75R;2.72696957649113
2JEL_LH_P;HP76D;-0.6505475729588971
2JEL_LH_P;HP76A;-0.4104498198934667
2JEL_LH_P;KP79E;0.4104498198934667
2JEL_LH_P;AP82S;0.0
2JEL_LH_P;EP83A;0.0
2JEL_LH_P;EP85Q;0.0
2JEL_LH_P;EP85D;0.0
2JEL_LH_P;EP85A;0.0
2JEL_LH_P;EP85K;0.0
2OOB_A_B;KA7E;-0.1782101488514062
2OOB_A_B;AA6S,KA7E;0.16107971635189763
2OOB_A_B;GA13S;0.23524553495684364
2OOB_A_B;IA27E,IA38E;0.2841403674675326
2O3B_A_B;EB24A;5.472160711277265
2O3B_A_B;EB24D;0.5990234450165092
2O3B_A_B;EB24Q;5.395647478010922
2O3B_A_B;QB74A;3.2313379866868894
2O3B_A_B;DB75E;5.435139036830096
2O3B_A_B;DB75N;5.900288080314299
2O3B_A_B;WB76A;4.071654248584531
2O3B_A_B;QB74A,WB76A;5.752713972454495
2J0T_A_D;VD4A;0.0
2J0T_A_D;VD4I;1.6417992795738667
2J0T_A_D;VD4K;1.8236053576679598
2J0T_A_D;VD4S;0.9819262553075446
2J0T_A_D;SD68A;2.105313290487679
2J0T_A_D;SD68E;2.184384428032498
2J0T_A_D;SD68R;2.834932000991395
2J0T_A_D;SD68Y;2.9768552204967764
2J0T_A_D;TD2L;2.6808043441244482
2J0T_A_D;TD2L,VD4S;3.4687980787332435
2J0T_A_D;TD2L,VD4S,SD68A;5.283587086154223
2J0T_A_D;TD2R;5.043489333088793
2J0T_A_D;TD2S;1.593630140321188
2J0T_A_D;TD2S,VD4A;1.2495710179754063
2J0T_A_D;TD2S,VD4A,SD68Y;2.1461676897696265
2J0T_A_D;CD1S,FD12Y;4.2970373178431975
2J0T_A_D;TD2A;4.387569519641223
2J0T_A_D;MD66A;1.6803650344631857
2J0T_A_D;VD69I;0.8090955198345758
2J0T_A_D;VD69T;0.6202813269974031
2J0T_A_D;VD69A,AD103V;0.717439937593459
2J0T_A_D;CD70S;4.407535772449174
2C0L_A_B;NA48A;0.7035516880539012
2C0L_A_B;QA239R;1.5206601843840435
2C0L_A_B;SA242Y;0.2799672579491963
2BTF_A_P;FP59A;1.5949378050109322
2BTF_A_P;VP60E;0.9782368108508566
2BTF_A_P;GP120F;1.7200653130929706
2BTF_A_P;KP125A;0.45982456645712416
2AJF_A_E;KE22R;-0.00735604390962359
2AJF_A_E;FE38S;-0.08221254501681378
2AJF_A_E;NE151K;2.0115904859103284
2AJF_A_E;TE159S;1.8230168607872856
2A9K_A_B;GB55D;2.409802431359985
4CPA_A_I;PI35G;2.5948342479259647
4CPA_A_I;YI36G;0.5017307491766837
4CPA_A_I;YI36F;0.0
4CPA_A_I;VI37G;3.732843110438975
4CPA_A_I;VI37A;2.3243629695349246
4CPA_A_I;VI37L;1.2787470627722117
4CPA_A_I;VI37I;0.19924335378348276
4CPA_A_I;VI37F;0.0
2ABZ_B_E;AE14C,AE38C;-0.5532548771190716
1XD3_A_B;KB6A;1.3749664587879706
1XD3_A_B;KB27A;-0.06385517083882555
1XD3_A_B;RB42L;-0.8819965836107676
1XD3_A_B;RB54L;0.8886934868389839
1XD3_A_B;HB68N;0.0
1XD3_A_B;RB72L;1.3316577835735814
1XD3_A_B;RB74L;2.432360705268867
1XD3_A_B;EB24A;-0.24573763317099429
1XD3_A_B;DB39A;-0.42009125861579644
1XD3_A_B;EB51A;1.5698665798572093
1XD3_A_B;DB52A;-0.24573763317099429
1XD3_A_B;DB58A;-0.24573763317099429
1XD3_A_B;KB6R;0.30959280400981987
1XD3_A_B;LB8A;2.7382914825750544
1XD3_A_B;KB11R;1.4346274012921918
1XD3_A_B;KB27R;0.27209237559533256
1XD3_A_B;KB33R;0.0
1XD3_A_B;IB44A;0.27209237559533256
1S1Q_A_B;VA41A;0.6591666674866835
1S1Q_A_B;FA42A;0.19590034449181354
1S1Q_A_B;NA43A;1.2106892338468362
1S1Q_A_B;DA44A;0.9488435117371492
1S1Q_A_B;WA73A;0.2759324833310702
1S1Q_A_B;FA86A;0.7618593974133092
1NCA_N_LH;NH31Q;0.0
1NCA_N_LH;EH100D;0.4104498198934667
1NCA_N_LH;DH101K;0.7141203403949288
1NCA_N_LH;NH102Q;0.5425851484586315
1N8O_ABC_E;ME80L;-0.06238964232777054
1N8O_ABC_E;ME80K;1.458980353966411
1N8O_ABC_E;ME80R;1.3484927490096057
1MQ8_A_B;CB32L,CB170F;3.6800045448432277
1MQ8_A_B;CB32L,CB170F,KB158C,KB165C;-1.7739346081390317
1MQ8_A_B;CB32L,CB170F,EB155C,EB172C;-1.255522363745299
1MQ8_A_B;CB32L,CB170F,KB31C,TB171C;2.96706732955656
1MQ8_A_B;CB32L,CB170F,LB160C,KB165C;3.7182212831060997
1MQ8_A_B;CB32L,KB31C;0.6096931736769493
1MQ8_A_B;CB170F,TB171C;0.6762974524423491
1MAH_A_F;FA285L;1.2449470050009475
1MAH_A_F;FA287I;2.0603695839006115
1MAH_A_F;FA287Y;0.7919900197272477
1MAH_A_F;FA328G;0.7919900197272477
1MAH_A_F;YA327A;0.3864949984084298
1MAH_A_F;DA71N;1.8794687032398194
1MAH_A_F;YA121Q;3.0041038163607134
1MAH_A_F;YA69N;5.217427002689363
1MAH_A_F;WA276R;8.808838044698076
1MAH_A_F;YA69N,YA121Q;6.6439241865976255
1MAH_A_F;YA121Q,WA276R;9.706200828816296
1MAH_A_F;YA69N,WA276R;11.628955454416657
1MAH_A_F;YA69N,YA121Q,WA276R;11.836772122711027
1LFD_A_B;RA7A;1.6932447628591198
1LFD_A_B;SA9K;0.22080465158111287
1LFD_A_B;LA10K;-0.17749425592290805
1LFD_A_B;NA14K;0.40099122540249055
1LFD_A_B;MA17K;-0.7473354385086987
1LFD_A_B;KA19A;1.8285734755861138
1LFD_A_B;KA35A;0.3424727871895721
1LFD_A_B;DA38A;-0.4718760531847135
1LFD_A_B;DA38K;-1.024388026226448
1LFD_A_B;KA39A;1.950688057411482
1LFD_A_B;NA41K;-0.8122960602545212
1LFD_A_B;LA42K;-0.3804758944816455
1LFD_A_B;DA43A;-0.32010882901435783
1LFD_A_B;EA44A;-0.15897354650559523
1LFD_A_B;EA44K;-0.2234365388447185
1LFD_A_B;DA45K;-0.7712578066057931
1LFD_A_B;NA79K;-0.5089279356435523
1LFD_A_B;YA80K;0.11785468164004774
1LFD_A_B;DA81K;-1.0645687071548855
1LFD_A_B;MA17K,DA45K;-0.766514841436387
1LFD_A_B;MA17K,DA81K;-0.7378224654269849
1LFD_A_B;MA17K,DA38K,DA45K;-1.9062482043001114
1LFD_A_B;MA17K,DA38K,DA45K,DA81K;-1.4710308229395181
1LFD_A_B;DA38K,DA43K,EA44K;-1.4385074852238715
1LFD_A_B;DA45K,DA81K;-0.6360940854228789
1KTZ_A_B;VA62I;0.24279549768454745
1KTZ_A_B;RA13K;1.1511183728524415
1KTZ_A_B;RA64K;2.2003895623311314
1KTZ_A_B;RA13A;1.4808360332993638
1KTZ_A_B;RA64A;2.882953252292189
1KTZ_A_B;LB3A;2.0471800605649615
1KTZ_A_B;FB6A;3.2017402888758184
1KTZ_A_B;DB8A;1.7440254494170073
1KTZ_A_B;DB8N;2.2225124252083654
1KTZ_A_B;SB25A;0.549556036868235
1KTZ_A_B;IB26A;2.1187013221048034
1KTZ_A_B;TB27A;1.7359596640585218
1KTZ_A_B;SB28A;0.4395829010312752
1KTZ_A_B;SB28L;4.2589296048119785
1KTZ_A_B;IB29A;1.5927237927581166
1KTZ_A_B;EB31A;1.4390851440517807
1KTZ_A_B;VB53A;0.6379624269158434
1KTZ_A_B;DB94A;1.0375067098549084
1KTZ_A_B;EB95A;1.716700928609113
1KTZ_A_B;EB95Q;1.8495349639452474
1KTZ_A_B;NB23A;0.5079843099156542
1KTZ_A_B;VB38A;0.8708121834982239
1KTZ_A_B;EB51A;1.30274515460377
1KTZ_A_B;HB55A;0.5186540385760945
1KTZ_A_B;FB86A;1.154932151912421
1KTZ_A_B;MB88A;1.0941450922128633
1KTZ_A_B;IB101A;0.7622660685419307
1REW_AB_C;DA19A,DB19A;0.6677549306024188
1REW_AB_C;WA20A,WB20A;1.0867661611193609
1REW_AB_C;DA19A,WA20A,DB19A,WB20A;2.0620442673053456
1REW_AB_C;FA38A,FB38A;1.363484788245565
1REW_AB_C;PA39A,PB39A;1.293850064984171
1REW_AB_C;FA38A,PA39A,FB38A,PB39A;2.882261308838371
1REW_AB_C;HA28D,HB28D;0.19555390932679462
1REW_AB_C;SA77A,SB77A;0.20316198725584095
1REW_AB_C;LA89A,LB89A;0.23622733695081072
1REW_AB_C;HA28D,SA77A,HB28D,SB77A;0.18330423518934535
1REW_AB_C;HA28D,LA89A,HB28D,LB89A;0.11866650106575694
1REW_AB_C;AA23D,AB23D;0.0
1REW_AB_C;DA42A,DB42A;-0.06083674564147143
1REW_AB_C;EA98R,EB98R;0.26869303705560604
1REW_AB_C;DA19A,AA23D,DB19A,AB23D;0.47593859261330856
1REW_AB_C;AA23D,DA42A,AB23D,DB42A;-0.18382089432744406
1REW_AB_C;DA42A,EA98R,DB42A,EB98R;0.04362961842415949
1REW_AB_C;WA17F,WB17F;0.67208281600472
1REW_AB_C;DA42P,DB42P;2.3547364948605347
1REW_AB_C;SA58R,SB58R;1.6659721836387658
1REW_AB_C;YA92A,YB92A;1.2146679644633516
1REW_AB_C;QC55A;2.6572238902537357
1REW_AB_C;KC57R,SC59T,KC61I,AC62P,QC63H,LC64Q,TC67D;0.7296187105037164
2QJ9_AB_C;RC57K,TC59S,IC61K,PC62A,HC63Q,QC64L,SC67T;-0.7296187105037165
1REW_AB_C;KC57R,SC59T,KC61I,AC62P,QC63H,LC64Q,TC67D,AC43T,MC47L,KC48G,YC49L;0.26764476266786175
2QJ9_AB_C;AC43T,MC47L,KC48G,YC49L;-0.4619739478358546
2QJA_AB_C;TC43A,LC47M,GC48K,LC49Y;0.46197394783585466
2QJA_AB_C;RC57K,TC59S,IC61K,PC62A,HC63Q,QC64L,SC67T,TC43A,LC47M,GC48K,LC49Y;-0.2676447626678618
1REW_AB_C;KC57R,SC59T,KC61I,AC62P,QC63H,LC64Q,TC67D,AC43T,MC47L,KC48G,YC49L,GC11H,DC15E,AC30T,IC31M;1.1522783221355808
2QJ9_AB_C;AC43T,MC47L,KC48G,YC49L,GC11H,DC15E,AC30T,IC31M;0.42265961163186444
2QJA_AB_C;GC11H,DC15E,AC30T,IC31M;0.8846335594677192
2QJB_AB_C;HC11G,EC15D,TC30A,MC31I;-0.8846335594677192
2QJB_AB_C;TC43A,LC47M,GC48K,LC49Y,HC11G,EC15D,TC30A,MC31I;-0.4226596116318645
2QJB_AB_C;RC57K,TC59S,IC61K,PC62A,HC63Q,QC64L,SC67T,TC43A,LC47M,GC48K,LC49Y,HC11G,EC15D,TC30A,MC31I;-1.152278322135581
3BK3_A_C;LC2A;0.0
3BK3_A_C;LC2R;0.026322285443629627
3BK3_A_C;IC3A;1.0381314662809549
3BK3_A_C;IC3R;0.6505475729588972
3BK3_A_C;TC4P;0.4861468519007537
3BK3_A_C;TC6P;1.7421427493935542
3BK3_A_C;IC19A;0.4861468519007537
3BK3_A_C;IC19R;0.4237572095729831
3BK3_A_C;IC22A;1.3070464916876872
3BK3_A_C;IC22R;2.12049755628585
3BK3_A_C;IC28A;1.2608812593210053
3BK3_A_C;IC28R;1.1749111631225224
3BK3_A_C;AC37R;1.382032512299131
1XXM_A_C;AC74K,AC142F,AC143Y,AA79E,AA80Y;-2.4115132618018453
1S0W_A_C;AC142F;-2.101934117937327
1JTG_A_B;GA212S;-0.9493871567906441
1JTG_A_B;EA79K;3.5704918932733007
1JTG_A_B;DB49A;2.2176908910624813
1JTG_A_B;FB142A;2.7614470779549714
1JTG_A_B;GA212S,DB49A;2.633891517088933
1JTG_A_B;GA212S,FB142A;3.6800045448432277
1JTG_A_B;EA79K,DB49A;5.637598609489811
1JTG_A_B;EA79K,FB142A;4.552428312572549
1JTG_A_B;SA209A,DB49A;1.6402801006435443
1JTG_A_B;SA105A,DB49A;1.3839353013311724
1JTG_A_B;SA209A,SA105A,DB49A;1.0936064163588688
1JTG_A_B;RA217A,DB49A;1.1111230541102237
1JTG_A_B;KA208A,DB49A;1.5532394933154279
1JTG_A_B;RA217A,SA209A,DB49A;0.40784312198034517
1JTG_A_B;RA217A,SA105A,DB49A;1.254307332558968
1JTG_A_B;SA209A,KA208A,DB49A;1.5340535628233918
1JTG_A_B;KA208A,SA105A,DB49A;1.3175304077051002
1JTG_A_B;RA217A,SA209A,SA105A,DB49A;0.8938157853463249
1JTG_A_B;SA209A,SA105A,KA208A,DB49A;0.608949573010341
1JTG_A_B;RA217A,KA208A,DB49A;1.9034632387910746
1JTG_A_B;RA217A,SA209A,KA208A,DB49A;2.0314038349175263
1JTG_A_B;KA208A,SA105A,RA217A,DB49A;1.490220234852111
1JTG_A_B;KA208A,SA209A,SA105A,RA217A,DB49A;1.7261033514799122
1JTG_A_B;SA209A;1.238459270160281
1JTG_A_B;SA105A;0.5626271930695161
1JTG_A_B;SA209A,SA105A;1.1521544535189396
1JTG_A_B;RA217A;1.3019122574692186
1JTG_A_B;KA208A;1.2215087190629257
1JTG_A_B;RA217A,SA209A;0.7392218043289925
1JTG_A_B;RA217A,SA105A;1.8487640152003388
1JTG_A_B;SA209A,KA208A;2.092669845181973
1JTG_A_B;KA208A,SA105A;1.9786026870286377
1JTG_A_B;RA217A,SA209A,SA105A;1.6872596635346584
1JTG_A_B;SA209A,SA105A,KA208A;1.8487640152003388
1JTG_A_B;RA217A,KA208A;2.728701021934365
1JTG_A_B;RA217A,SA209A,KA208A;2.715590067459733
1JTG_A_B;KA208A,SA105A,RA217A;2.508159303321592
1JTG_A_B;KA208A,SA209A,SA105A,RA217A;2.787100744332276
1JTG_A_B;KB74A;3.6346260208788457
1JTG_A_B;YB143A;0.6441899324939027
1JTG_A_B;KB74A,FB142A;4.849929119173572
1JTG_A_B;KB74A,YB143A;3.057105542917368
1JTG_A_B;FB142A,YB143A;2.8417207080882307
1JTG_A_B;KB74A,FB142A,YB143A;3.893441348504014
1JTG_A_B;EA79A;1.8723340629376513
1JTG_A_B;KB74A,EA79A;1.5760552363462608
1JTG_A_B;FB142A,EA79A;2.746506323142202
1JTG_A_B;YB143A,EA79A;1.8636172802584798
1JTG_A_B;KB74A,FB142A,EA79A;3.1286651135261425
1JTG_A_B;KB74A,YB143A,EA79A;1.0501395414595558
1JTG_A_B;FB142A,YB143A,EA79A;2.889825923994413
1JTG_A_B;KB74A,FB142A,YB143A,EA79A;2.387780784622028
1JTG_A_B;YA80A;-0.14355375607204848
1JTG_A_B;KB74A,YA80A;3.320664903962538
1JTG_A_B;FB142A,YA80A;0.6940169502206918
1JTG_A_B;YB143A,YA80A;1.074902198356565
1JTG_A_B;KB74A,FB142A,YA80A;4.776730630618718
1JTG_A_B;KB74A,YB143A,YA80A;3.3934395171093903
1JTG_A_B;FB142A,YB143A,YA80A;2.985401732810401
1JTG_A_B;KB74A,FB142A,YB143A,YA80A;4.227288370898992
1JTG_A_B;EA79A,YA80A;1.026493230510458
1JTG_A_B;KB74A,EA79A,YA80A;1.3854189224615365
1JTG_A_B;FB142A,EA79A,YA80A;1.504246861347185
1JTG_A_B;YB143A,EA79A,YA80A;2.0536440445640003
1JTG_A_B;KB74A,FB142A,EA79A,YA80A;3.1286651135261425
1JTG_A_B;KB74A,YB143A,EA79A,YA80A;1.7670671688941144
1JTG_A_B;FB142A,YB143A,EA79A,YA80A;2.8417207080882307
1JTG_A_B;KB74A,FB142A,YB143A,EA79A,YA80A;2.4115132618018453
1JTG_A_B;DB49A,RA217A;1.0986707637784447
1JTG_A_B;KB74A,RA217A;6.616937871521931
1JTG_A_B;FB142A,RA217A;3.3934395171093903
1JTG_A_B;YB143A,RA217A;2.2687082045762406
1JTG_A_B;KB74A,FB142A,RA217A;5.4935508363417975
1JTG_A_B;KB74A,YB143A,RA217A;4.370937353093608
1JTG_A_B;FB142A,YB143A,RA217A;4.5405158679897
1JTG_A_B;KB74A,FB142A,YB143A,RA217A;5.255192156243509
1JTG_A_B;DB49A,KA208A;1.5998465420431904
1JTG_A_B;KB74A,KA208A;6.544792589767784
1JTG_A_B;FB142A,KA208A;3.3934395171093903
1JTG_A_B;YB143A,KA208A;2.555374793740684
1JTG_A_B;KB74A,FB142A,KA208A;5.827907667061974
1JTG_A_B;KB74A,YB143A,KA208A;4.873550926018894
1JTG_A_B;FB142A,YB143A,KA208A;4.679577052345536
1JTG_A_B;KB74A,FB142A,YB143A,KA208A;5.469861520641622
1JTG_A_B;DB49A,SA105A;0.3579091184487154
1JTG_A_B;KB74A,SA105A;3.1770310797441343
1JTG_A_B;FB142A,SA105A;2.8417207080882307
1JTG_A_B;YB143A,SA105A;1.7910642217205126
1JTG_A_B;KB74A,FB142A,SA105A;5.159262300866457
1JTG_A_B;KB74A,YB143A,SA105A;3.7265420839934373
1JTG_A_B;FB142A,YB143A,SA105A;4.156186371082347
1JTG_A_B;KB74A,FB142A,YB143A,SA105A;5.06422598677596
1JTG_A_B;QA74A;0.4813094498442363
1JTG_A_B;NA75A;-0.7926201418857426
1JTG_A_B;VA78A;1.9097825126251617
1JTG_A_B;PA82A;-0.17668732676825702
1JTG_A_B;EA85A;2.271493025873208
1JTG_A_B;MA104A;0.9918769789745573
1JTG_A_B;EA143A;-0.0725454735794406
1JTG_A_B;VA190A;-0.4640285732751181
1JTG_A_B;FB36A;3.2208532098479368
1JTG_A_B;HB41A;3.304774545160061
1JTG_A_B;YB50A;-1.4465038125863114
1JTG_A_B;YB53A;2.736705252660626
1JTG_A_B;SB71A;0.1934663646148179
1JTG_A_B;WB112A;2.9008675537618878
1JTG_A_B;SB113A;-0.4288302497063638
1JTG_A_B;HB148A;2.8804644831566297
1JTG_A_B;WB150A;4.303512193933542
1JTG_A_B;RB160A;2.650339659367242
1JTG_A_B;WB162A;2.2878941124303904
1JTG_A_B;QA74A,HB148A;3.1998090387123668
1JTG_A_B;QA74A,WB150A;3.8217445767463145
1JTG_A_B;QA74A,RB160A;3.7490601553473626
1JTG_A_B;NA75A,HB148A;2.101934117937327
1JTG_A_B;NA75A,WB150A;4.347279589487203
1JTG_A_B;NA75A,RB160A;1.5760552363462608
1JTG_A_B;EA143A,WB162A;2.0764220035322327
1JTG_A_B;VA78A,WB162A;4.227288370898992
1JTG_A_B;MA104A,YB53A;3.6074590712637873
1JTG_A_B;MA104A,YB50A;0.3579091184487154
1JTG_A_B;MA104A,FB36A;3.6294952482026885
1JTG_A_B;PA82A,HB41A;2.651611014867276
1JTG_A_B;PA82A,YB50A;-0.6468349970379317
1JTG_A_B;PA82A,YB53A;2.387780784622028
1JTG_A_B;VA190A,YB50A;-0.8850851544712607
1JTG_A_B;EA85A,SB113A,SB71A;5.039753333820988
1JTG_A_B;EA85A,SB113A;4.563293826957932
1JTG_A_B;EA85A,SB71A;5.016828383684149
1JTG_A_B;SB71A,SB113A;0.4558386604881237
1JTG_A_B;EA79A,SB113A;1.8636172802584798
1JTG_A_B;QA74A,WB112A;3.5359567716952136
1JTG_A_B;QA74A,WB162A;2.889825923994413
1JTG_A_B;QA74A,KB74A;4.107583978318176
1JTG_A_B;QA74A,FB142A;2.817718232552266
1JTG_A_B;QA74A,DB49A;2.1972778687824035
1JTG_A_B;NA75A,WB112A;2.7938115249043896
1JTG_A_B;NA75A,WB162A;2.101934117937327
1JTG_A_B;NA75A,KB74A;3.5100661377733298
1JTG_A_B;NA75A,FB142A;2.292450294566339
1JTG_A_B;NA75A,DB49A;1.5760552363462608
1JTG_A_B;VA78A,RB160A;4.347279589487203
1JTG_A_B;VA78A,FB142A;4.5144046514913425
1JTG_A_B;EA143A,WB112A;2.7938115249043896
1JTG_A_B;EA143A,WB150A;4.107583978318176
1JTG_A_B;EA143A,RB160A;2.317759869971734
1JTG_A_B;EA143A,KB74A;4.059884794410222
1JTG_A_B;EA143A,FB142A;2.579746707694767
1JTG_A_B;EA143A,DB49A;1.504246861347185
1JTG_A_B;EA85A,YB50A;3.9651077432683657
1JTG_A_B;MA104A,SB113A,SB71A;1.6719011835561042
1JTG_A_B;VA190A,FB142A;2.1972778687824035
1JTG_A_B;EA79A,SB113A,SB71A;2.579746707694767
1JTG_A_B;TB32K;0.1992433537834827
1JTG_A_B;VB93K;-0.47547712324031344
1JTG_A_B;TB140K;-0.014385013124682891
1JTG_A_B;NB89K;-0.45469766066683165
1JTG_A_B;DB163A;-1.3402600892186525
1JTG_A_B;DB163K;-1.9817669687114832
1JTG_A_B;TB140K,QB157K;-0.3964059856954942
1JTG_A_B;VB165K,DB163K,NB89K;-2.3922167886049497
1JTG_A_B;DB163K,DB135K,VB134K;-3.0536298759492295
1JTG_A_B;VB165K,DB163K,DB135K,NB89K;-3.358865090285682
1HE8_A_B;KA80V;0.46714092059361667
1HE8_A_B;KA80V,RA83A;1.8650620740250003
1HE8_A_B;KA80V,KA91A;1.4967957694972018
1HE8_A_B;KA80V,DA95A;1.02036040030489
1HE8_A_B;KA80V,KA111A;1.933637530627539
1HE8_A_B;KA80V,KA113A;1.6469086342003887
1HE8_A_B;KA80V,DA117A;0.9280176252761253
1HE8_A_B;KA80V,EA124K;-0.09726197044637719
1HE8_A_B;KA80V,EA606A;0.4467101067210322
1HE8_A_B;KA80V,EA606K;-0.4501654192439144
1H9D_A_B;RB2A;1.0641537924494653
1H9D_A_B;VB3A;1.2841091165664535
1H9D_A_B;GB60A;1.9022255267258374
1H9D_A_B;QB66A;1.249098480506843
1H9D_A_B;LB93A;0.8608913724081035
1H9D_A_B;NB94A;2.1099898529149463
1GRN_A_B;DA38E;0.38967035731998484
1GL1_A_I;LI29V;4.257093855643765
1GL1_A_I;KI30M,AI31G;2.0624792635393
1GL0_E_I;MI28K;-0.5634402893814274
1GL0_E_I;MI28K,LI27R;3.8295014707484683
1FFW_A_B;DA12K;0.0473976030918115
1FFW_A_B;TA86I;-0.3191688906102496
1FFW_A_B;AA89V;0.09128092928321704
1FFW_A_B;EA92K;0.8208996397869334
1FFW_A_B;YA105W;0.7129372152866678
1FFW_A_B;VA107M;1.1307430790897581
1FFW_A_B;FA110V;3.9824919402364287
1FFW_A_B;TA111I;0.5620017705693396
1FFW_A_B;EA116K;0.7129372152866678
1FFW_A_B;EB13A;0.7164102687598793
1FFW_A_B;EB20A;0.6388213695852235
1FFW_A_B;HB23A;0.033846578798821504
1FFW_A_B;DB44A;-0.07411584570144422
1FFW_A_B;DB49A;0.09623622112659207
1FFW_A_B;CB55A;0.2041986456268578
1FFW_A_B;FB56A;3.644105437404655
1FFW_A_B;IB58A;0.42761490347523956
1FC2_C_D;YC10W;0.4104498198934667
1FC2_C_D;IC12W;3.1374193963845967
1FC2_C_D;FC26W;0.0
1FC2_C_D;LC40W;0.0
1FC2_C_D;LC13D;1.1270650571349463
1FC2_C_D;NC24A;0.5936913093569415
1FC2_C_D;FC26A;0.013655050324801812
1FC2_C_D;IC27A;3.729248424670992
1FC2_C_D;KC31A;1.3786010480005841
1EAW_A_B;QA23A;-0.5186505836683101
1EAW_A_B;IA26A;-0.8220922966245396
1EAW_A_B;IA45A;-0.19426026193917795
1EAW_A_B;DA46A;-0.17154472366564258
1EAW_A_B;DA47A;1.5020192808795685
1EAW_A_B;RA48A;0.5873189040934862
1EAW_A_B;FA50A;-0.4285969168341222
1EAW_A_B;RA51A;0.23089206570416965
1EAW_A_B;YA52A;-0.07890095391965188
1EAW_A_B;RA82A;-0.14966847633760916
1EAW_A_B;FA89A;0.7282270437769259
1EAW_A_B;NA90A;0.3079428876771543
1EAW_A_B;DA91A;0.6541111980754817
1EAW_A_B;FA92A;0.8915712901218359
1EAW_A_B;TA93A;0.25461301778312573
1EAW_A_B;HA138A;-0.014472913986260666
1EAW_A_B;QA140A;0.30652455425728686
1EAW_A_B;YA141A;0.5019009328018511
1EAW_A_B;TA144A;0.08940567419170235
1EAW_A_B;LA147A;0.5019009328018511
1EAW_A_B;EA163A;0.7033280158691154
1EAW_A_B;QA168A;0.564800832739561
1EAW_A_B;QA169A;-0.13302959591815317
1EAW_A_B;DA214A;2.2280123870440556
1EAW_A_B;QA218A;0.14416515870140292
1EAW_A_B;RA219A;-0.08850736955360736
1EAW_A_B;KA221A;0.4758106371436352
3BN9_B_CD;QB23A;-0.4152837562861262
3BN9_B_CD;IB26A;0.0
3BN9_B_CD;IB45A;0.8351690994095041
3BN9_B_CD;DB46A;0.4223647876677487
3BN9_B_CD;DB47A;0.31109026708723764
3BN9_B_CD;RB48A;-0.044995352658485685
3BN9_B_CD;FB50A;-0.044995352658485685
3BN9_B_CD;RB51A;-0.07155379121379715
3BN9_B_CD;YB52A;0.01895054265359312
3BN9_B_CD;RB82A;-0.15922401467746014
3BN9_B_CD;FB89A;0.6392063851512543
3BN9_B_CD;NB90A;0.7733014085652359
3BN9_B_CD;TB93A;1.131989906874171
3BN9_B_CD;HB138A;0.08505858916025805
3BN9_B_CD;QB140A;0.13309739850821908
3BN9_B_CD;YB141A;1.0845923037823597
3BN9_B_CD;TB144A;0.29081896031572396
3BN9_B_CD;LB147A;0.33617347712647994
3BN9_B_CD;EB163A;0.3731951515736495
3BN9_B_CD;QB168A;-0.03469676404134154
3BN9_B_CD;QB169A;2.508845345727649
3BN9_B_CD;DB214A;0.5661800593886273
3BN9_B_CD;QB218A;0.7056714318634156
3BN9_B_CD;RB219A;-0.09369296487769503
3BN9_B_CD;KB221A;0.7849253047652455
3NPS_A_BC;QA23A;0.0263222854436295
3NPS_A_BC;IA26A;0.6415068794928307
3NPS_A_BC;IA45A;-0.33179939563078104
3NPS_A_BC;DA46A;0.3399676891376165
3NPS_A_BC;DA47A;1.067411178255048
3NPS_A_BC;RA48A;-1.0626820424088066
3NPS_A_BC;FA50A;0.21955856394612536
3NPS_A_BC;RA51A;0.1381606889492022
3NPS_A_BC;YA52A;0.45186470565331643
3NPS_A_BC;RA82A;-0.15158699870167075
3NPS_A_BC;FA89A;1.5829294983314728
3NPS_A_BC;NA90A;0.25340514274494685
3NPS_A_BC;DA91A;1.5069503630183998
3NPS_A_BC;FA92A;0.4635140109138123
3NPS_A_BC;TA93A;0.7237721424192894
3NPS_A_BC;HA138A;1.8749876693194787
3NPS_A_BC;QA140A;0.29571984836425147
3NPS_A_BC;YA141A;1.7747751390391282
3NPS_A_BC;TA144A;0.17496029179440886
3NPS_A_BC;LA147A;0.29571984836425147
3NPS_A_BC;EA163A;0.6153139841774762
3NPS_A_BC;QA168A;-0.0592205440554392
3NPS_A_BC;QA169A;0.7408664322990597
3NPS_A_BC;DA214A;1.4666615358135386
3NPS_A_BC;QA218A;-0.040914482881988457
3NPS_A_BC;RA219A;-0.08389719457325659
3NPS_A_BC;KA221A;-0.10360463469080591
1DQJ_AB_C;YC20A;3.2855257774664812
1DQJ_AB_C;RC21A;1.2137034787538528
1DQJ_AB_C;WC63A;1.3461943943427883
1DQJ_AB_C;KC97A;3.519510202544697
1DQJ_AB_C;DC101A;1.3764739846083427
1DQJ_AB_C;WC62A;0.7580364637116617
1DQJ_AB_C;LC75A;1.4523263570463927
1DQJ_AB_C;TC89A;0.8407970457131689
1DQJ_AB_C;NC93A;0.6498371302585683
1DQJ_AB_C;KC96A;6.155478101783106
1DQJ_AB_C;SC100A;0.775539824320454
1DQJ_AB_C;NA31A;2.013321918504133
1DQJ_AB_C;NA32A;4.090454364736694
1DQJ_AB_C;YA50A;2.6781502346138306
1DQJ_AB_C;SA91A;1.4318087356974711
1DQJ_AB_C;YA96A;1.1349879282328041
1DQJ_AB_C;DB32A;2.013321918504133
1DQJ_AB_C;YB33A;5.524157994594164
1DQJ_AB_C;YB50A;6.8876427828397295
1DQJ_AB_C;YB53A;1.180212486978802
1DQJ_AB_C;WB98A;4.931251410449864
1DQJ_AB_C;NA32A,KC96A;5.801525796800455
1DQJ_AB_C;SA91A,RC21A;3.1705555324830885
1DQJ_AB_C;SA91A,YC20A;3.572893527994591
1DQJ_AB_C;YA96A,RC21A;3.4850060402027916
1DQJ_AB_C;YA96A,SC100A;0.9133964913037387
1DQJ_AB_C;DB32A,KC97A;1.1223210512384463
1DQJ_AB_C;YB53A,WC62A;1.2862365990456104
1DQJ_AB_C;YB53A,WC63A;2.1991101511318822
1DQJ_AB_C;YB53A,LC75A;1.216794192671283
1DQJ_AB_C;YB53A,DC101A;2.72696957649113
1DQJ_AB_C;WB98A,SC100A;5.3619477809987135
1DQJ_AB_C;WB98A,KC97A;6.659716210752751
1DQJ_AB_C;WB98A,YC20A;5.111813280540699
2G2U_A_B;EB31A;0.6505475729588972
2G2U_A_B;SB35A;-0.9504205980140489
2G2U_A_B;FB36A;2.7625603507180005
2G2U_A_B;SB39A;-0.9556609323880987
2G2U_A_B;HB41A;1.7161847851985124
2G2U_A_B;GB48A;-0.42638317360898353
2G2U_A_B;YB50A;-2.074677808104183
2G2U_A_B;YB51A;-0.6284324378571109
2G2U_A_B;YB53A;2.300586402882146
2G2U_A_B;SB71A;-0.5119496660751355
2G2U_A_B;EB73A;-1.978441586977591
2G2U_A_B;KB74A;-0.21722587163740167
2G2U_A_B;WB112A;0.958252217253359
2G2U_A_B;SB113A;-0.6120034064766274
2G2U_A_B;GB141A;-0.4136023770452683
2G2U_A_B;FB142A;0.2756885272923014
2G2U_A_B;YB143A;-1.8463062584124263
2G2U_A_B;RB144A;-0.342219936582043
2G2U_A_B;HB148A;1.1183877055633635
2G2U_A_B;WB150A;1.784323539867144
2G2U_A_B;RB160A;0.6694568519687194
2G2U_A_B;WB162A;0.5309427839523914
2G2U_A_B;EB73A,YB50A;-2.451281049198828
2G2U_A_B;YB50A,YB143A;-2.074677808104183
2G2U_A_B;EB73A,YB143A;-1.8345800550387525
2G2U_A_B;WB112A,YB143A;-0.4094026862524375
2G2U_A_B;WB150A,YB143A;0.9886257425789692
2G2U_A_B;EB73M,FB142W,YB143F;-1.1075349320025736
2G2U_A_B;EB73M,SB130K,FB142W,YB143F,SB146M;-2.9303587156081936
2G2U_A_B;EB73M,SB130K,FB142W,YB143F;-2.0154110671117875
2G2U_A_B;EB73M,YB143F;-1.5916538575388042
2G2U_A_B;EB73M;-3.180707095941212
2G2U_A_B;SB130K;-1.4686993938025794
2G2U_A_B;EB73M,SB130K;-2.8080112779832453
2G2U_A_B;EB73M,SB130K,SB146M;-3.5079335975058
2G2U_A_B;DA79K;-0.5260638156320171
2G2W_A_B;KA79D;0.45265926306121107
2FTL_E_I;GI12A;4.346368041583865
2FTL_E_I;KI15A;10.289196663850955
2FTL_E_I;II18A;4.9687863978592235
2FTL_E_I;GI36A;3.540752847160689
1CBW_FGH_I;TI11A;0.21237068879751642
1CBW_FGH_I;GI12A;0.650740334296951
1CBW_FGH_I;PI13A;-0.07013905798056189
1CBW_FGH_I;KI15A;2.068773242104374
1CBW_FGH_I;RI17A;0.5304867116357195
1CBW_FGH_I;II18A;1.4007638599847185
1CBW_FGH_I;II19A;0.12709849022791933
1CBW_FGH_I;RI20A;0.3328946470683474
1CBW_FGH_I;FI33A;0.14136742242132028
1CBW_FGH_I;VI34A;0.034003619111866785
1CBW_FGH_I;YI35A;0.8480490785514769
1CBW_FGH_I;GI36A;0.9332300413287209
1CBW_FGH_I;GI37A;0.8059875431916742
1CBW_FGH_I;RI39A;0.21237068879751642
1CBW_FGH_I;KI46A;0.12709849022791933
1CBW_FGH_I;KI15G;4.112577438638887
1CBW_FGH_I;KI15S;3.3896441275078324
1CBW_FGH_I;KI15V;2.134756886322475
1CBW_FGH_I;KI15T;2.0855861778961864
1CBW_FGH_I;KI15D;5.215115843975103
1CBW_FGH_I;KI15N;1.3234673595927007
1CBW_FGH_I;KI15M;-1.420762157017947
1CBW_FGH_I;KI15I;2.930301060696931
1CBW_FGH_I;KI15L;-1.5805381188353576
1CBW_FGH_I;KI15E;3.8653574126581844
1CBW_FGH_I;KI15Q;0.30558041917081896
1CBW_FGH_I;KI15H;0.09911130003720221
1CBW_FGH_I;KI15R;-0.6139306847376499
1CBW_FGH_I;KI15F;-1.9636891160545682
1CBW_FGH_I;KI15Y;-2.613578985265954
1CBW_FGH_I;KI15W;-2.4350341550589274
2FTL_E_I;KI15G;12.221723141911879
2FTL_E_I;KI15S;7.642313932804372
2FTL_E_I;KI15V;11.632235033424028
2FTL_E_I;KI15T;10.4855197758984
2FTL_E_I;KI15D;11.381189815711442
2FTL_E_I;KI15N;7.9482334857067345
2FTL_E_I;KI15M;7.611102390346371
2FTL_E_I;KI15I;11.053423601134748
2FTL_E_I;KI15L;8.770452779504575
2FTL_E_I;KI15E;9.324441184036544
2FTL_E_I;KI15Q;9.27164174436289
2FTL_E_I;KI15H;8.689000456471591
2FTL_E_I;KI15F;6.952966976747845
2FTL_E_I;KI15Y;6.784564387576078
2FTL_E_I;KI15W;8.572581166725216
1A4Y_A_B;HB8A;0.9036602217884406
1A4Y_A_B;QB12A;0.3001140298124307
1A4Y_A_B;NB68A;0.1177503154404818
1A4Y_A_B;EB108A;-0.3225623321016669
1A4Y_A_B;YA434A;3.2603738601208216
1A4Y_A_B;DA435A;3.4837901179692032
1A4Y_A_B;YA437A;0.8358916790228925
1Z7X_W_X;YW434A;5.952934775265283
1Z7X_W_X;DW435A;3.6605879227325198
1Z7X_W_X;YW437A;2.622815228907068
1Z7X_W_X;QW430A,VW432A;0.9391012920783005
1Z7X_W_X;WW438A,SW439A,EW440A;1.9712073979752178
1Z7X_W_X;RW457A;0.8478203627950833
1Z7X_W_X;IW459A;0.33725133133861257
1A4Y_A_B;QA430A,VA432A;0.07217753326798673
1A4Y_A_B;WA438A,SA439A,EA440A;1.7848001225244141
1A4Y_A_B;RA457A;-0.22387334310434173
1A4Y_A_B;IA459A;0.6790906364878463
1Z7X_W_X;EW206A;1.0181724296231196
1Z7X_W_X;WW261A;1.3352816523491964
1Z7X_W_X;WW263A;2.2113051510406483
1Z7X_W_X;EW287A;1.3206598250163208
1Z7X_W_X;SW289A;0.813973783996262
1Z7X_W_X;WW318A;0.9929705871243614
1Z7X_W_X;KW320A;1.3206598250163208
1Z7X_W_X;EW344A;1.560757578081751
1Z7X_W_X;WW375A;1.6687200025820168
1Z7X_W_X;EW401A;1.3056677857803616
1A4Y_A_B;HB84A;0.17035206682803622
1A4Y_A_B;WB89A;0.24009775306543044
1A4Y_A_B;WA261A;0.10060638059064217
1A4Y_A_B;WA263A;1.1707846382719458
1A4Y_A_B;EA287A;0.10060638059064217
1A4Y_A_B;SA289A;0.04231470561930463
1A4Y_A_B;WA318A;1.4999902762747794
1A4Y_A_B;KA320A;-0.3098434393028246
1A4Y_A_B;EA344A;0.17851983659430193
1A4Y_A_B;WA375A;1.0348412327905767
1A4Y_A_B;EA401A;0.8832892821147039
1A4Y_A_B;RB5A;2.3081202693877465
1A4Y_A_B;RB32A;0.9097928484168422
1A4Y_A_B;RB66A;0.20280697890006733
1A4Y_A_B;RB70A;-0.23181574505829847
1A4Y_A_B;RB31A;0.2503963416825746
1A4Y_A_B;RB33A;0.3269095749489182
1A4Y_A_B;KB40Q;4.250288323419699
1A4Y_A_B;HB13A;-0.29653604962330826
1A4Y_A_B;HB114A;0.6564989187287901
1A4Y_A_B;YA434F;0.5575771876945906
1A4Y_A_B;YA437F;0.24513739131158244
1A4Y_A_B;YA434A,DA435A;6.817423941227824
1A4Y_A_B;YA434A,YA437A;6.641988976927281
1A4Y_A_B;RB5A,YA434A;6.976277512402621
1A4Y_A_B;RB5A,DA435A;6.770026338136013
1A4Y_A_B;RB5A,YA434A,DA435A;10.101970705413544
1A4Y_A_B;RB5A,YA434A,YA437A;8.527279451057996
1A4Y_A_B;KB40G;3.235172017622063
1A4Y_A_B;KB40G,YA434F;6.662063913635747
1A4Y_A_B;KB40G,DA435A;4.105446403972654
1A4Y_A_B;KB40G,YA437A;6.450857447525763
1A4Y_A_B;KB40G,YA434A,DA435A;6.210759694460332
1A4Y_A_B;KB40G,YA434A,YA437A;9.118562211735837
1Z7X_W_X;YW434F;0.12056191939171805
1Z7X_W_X;YW437F;2.16496780592179
1Z7X_W_X;YW434A,DW435A;7.167602739728634
1Z7X_W_X;YW434A,YW437A;7.2373484259660295
1A22_A_B;MA14A;0.1561564342523957
1A22_A_B;HA18A;-0.3928482926893721
1A22_A_B;HA21A;0.15536002759207712
1A22_A_B;QA22A;-0.21972681339169362
1A22_A_B;FA25A;-0.4298284237623154
1A22_A_B;DA26A;-0.21120646610998403
1A22_A_B;QA29A;-0.5887503808253133
1A22_A_B;YA42A;0.1992433537834827
1A22_A_B;LA45A;1.2239008844916297
1A22_A_B;QA46A;0.10796242450026569
1A22_A_B;PA48A;0.4104498198934667
1A22_A_B;SA51A;0.3480601775656962
1A22_A_B;EA56A;0.5529881210518798
1A22_A_B;PA61A;1.2087166186934586
1A22_A_B;SA62A;0.31651380825645925
1A22_A_B;NA63A;0.44478553077909694
1A22_A_B;RA64A;1.6946437236322722
1A22_A_B;EA65A;-0.4199641744031164
1A22_A_B;QA68A;0.7210658028043909
1A22_A_B;YA153A;0.3480601775656962
1A22_A_B;RA156A;0.1325918038272688
1A22_A_B;KA157A;-0.08648845011476741
1A22_A_B;DA160A;0.9127619476338676
1A22_A_B;KA161A;1.8568487712608628
1A22_A_B;EA163A;-0.9144342827605604
1A22_A_B;TA164A;1.9060699367041962
1A22_A_B;FA165A;0.8194429199655834
1A22_A_B;RA167A;2.4244821810979285
1A22_A_B;IA168A;0.7337539413745048
1A22_A_B;RA172A;0.5070615625341398
1A22_A_B;EA175A;-0.05347723756073911
1A22_A_B;RB11A;1.5271985831116577
1A22_A_B;EB12A;1.3768228319678346
1A22_A_B;RB29A;0.553828847003829
1A22_A_B;RB30A;0.5673003864960071
1A22_A_B;TB32A;-0.0804045811228515
1A22_A_B;QB33A;-0.19360062890716764
1A22_A_B;EB34A;-0.09489647971342563
1A22_A_B;WB35A;0.5512102929032155
1A22_A_B;WB39A;0.04965398058783479
1A22_A_B;SB57A;-0.16460532688941426
1A22_A_B;SB61A;0.02455516387360285
1A22_A_B;IB62A;1.2757852025908771
1A22_A_B;IB64A;1.3536452961387555
1A22_A_B;PB65A;2.9647720838287244
1A22_A_B;EB79A;-0.19661131241526794
1A22_A_B;KB80A;0.08499786764084369
1A22_A_B;SB83A;0.23140754840915534
1A22_A_B;DB85A;0.9879703306147372
1A22_A_B;EB86A;0.789736619134407
1A22_A_B;DB119A;1.5361157736081714
1A22_A_B;IB120A;2.1588918557509444
1A22_A_B;QB121A;0.008582541790886373
1A22_A_B;KB122A;-0.008838774571783203
1A22_A_B;VB126A;-0.664213978110076
1A22_A_B;TB150A;-0.1028091507977288
1A22_A_B;QB171A;0.8895729582927688
1A22_A_B;RB172A;0.2647312597223193
1A22_A_B;NB173A;0.29247836022738777
1A22_A_B;SB174A;0.033846578798821504
1A22_A_B;EB10A;0.7051731314042498
1A22_A_B;NB31A;0.007330583866411319
1A22_A_B;TB36A;-0.025445573337265992
1A22_A_B;FB55S;-0.041032169902627334
1A22_A_B;TB60A;1.4229482316562287
1A22_A_B;TB149A;0.19653470529045822
1A22_A_B;KB170A;0.6423063302949648
1A22_A_B;RB11L;0.5213078683529344
1A22_A_B;RB11M;0.9998964429150328
1A22_A_B;KB2A,KB5A;0.24009775306543044
1A22_A_B;RB29A,RB30A,EB34A;0.9574431434755883
1A22_A_B;DB78A,EB79A,KB80A;0.20972422773982044
1A22_A_B;DB107A,RB111A,EB113A;0.31421359876687466
1A22_A_B;RB116A,DB119A,KB122A;-0.06238964232777062
1A22_A_B;EB138A,KB140A,KB142A,DB145A;0.1201722162386634
1A22_A_B;KB158A,DB160A,KB161A,EB162A,EB164A;1.119674459259169
1A22_A_B;RB7A;0.26898904002087687
1A22_A_B;EB38A;-0.07907113754481931
1A22_A_B;KB40A;0.14386153193883833
1A22_A_B;EB41A;0.782682901524062
1A22_A_B;EB50A;0.17770811073765982
1A22_A_B;KB69A;0.042824963229244103
1A22_A_B;DB91A;1.085170296917263
1A22_A_B;EB128A;0.08276058200150728
1A22_A_B;EB130A;-0.07907113754481931
1A22_A_B;KB134A;0.0
1A22_A_B;EB135A;0.19924335378348276
1A22_A_B;KB158A;0.24009775306543044
1A22_A_B;DB160A;-0.04616523236668184
1A22_A_B;KB161A;0.19924335378348276
1A22_A_B;EB162A;-0.07907113754481931
1A22_A_B;EB164A;-0.06238964232777062
1A22_A_B;RB166A;0.056438296557877736
1A22_A_B;RB168A;-0.19042700353650216
1A22_A_B;EB179A;0.10796242450026569
1A22_A_B;WB63F;2.7834078730490073
1A22_A_B;YB54A;0.19924335378348276
1A22_A_B;PB9A;0.2595143751761387
1A22_A_B;SB15A;-0.01499203923595915
1A22_A_B;TB19A;0.06974568623739417
1A22_A_B;QB37A;-0.4104498198934667
1A22_A_B;NB56A;-0.2550897923013897
1A22_A_B;SB58A;-0.5066860410200588
1A22_A_B;FB59A;-0.01499203923595915
1A22_A_B;VB84A;1.1416085934751405
1A22_A_B;IB87A;0.5881579306311265
1A22_A_B;VB88A;-0.04616523236668184
1A22_A_B;QB89A;-0.03037352532561005
1A22_A_B;FA25A,YA42A,QA46A;0.19552301760357885
1A22_A_B;YA42A,QA46A;0.2841651413322509
1A22_A_B;CB67A;0.0
1A22_A_B;CB81A;0.0
1A22_A_B;TA3A;-0.052357979237758014
1A22_A_B;IA4A;0.40952602207741606
1A22_A_B;PA5A;0.43291066136148926
1A22_A_B;LA6A;0.6191179944092794
1A22_A_B;SA7A;0.3430669129025613
1A22_A_B;RA8A;0.20211603239865764
1A22_A_B;LA9A;-0.03798172066677283
1A22_A_B;FA10A;1.0442793553823972
1A22_A_B;NA12A;0.09807521436702271
1A22_A_B;LA15A;0.15118943636412074
1A22_A_B;RA16A;0.2391739552493798
1A22_A_B;RA19A;0.05064379207407714
1A22_A_B;FA54A;0.8741044210513262
1A22_A_B;SA55A;0.1105354223420326
1A22_A_B;SA57A;0.20211603239865764
1A22_A_B;IA58A;1.648299208136553
1A22_A_B;PA59A;0.381952477111272
1A22_A_B;EA66A;0.43291066136148926
1A22_A_B;QA69A;-0.052357979237758014
1A22_A_B;KA70A;0.5209852422354992
1A22_A_B;SA71A;0.40952602207741606
1A22_A_B;LA73A;-0.20311643733951806
1A22_A_B;VA169A;0.0
1A22_A_B;QA170A;0.2721053031498708
1A22_A_B;CA171A;1.014381051639941
1A22_A_B;SA173A;-0.052357979237758014
1A22_A_B;VA174A;0.8741044210513262
1A22_A_B;GA176A;0.3430669129025613
1A22_A_B;SA177A;-0.20311643733951806
1A22_A_B;FA180A;0.19146346186905422
1F47_A_B;DA4A;0.6911582373455766
1F47_A_B;YA5A;0.8689295482454923
1F47_A_B;LA6A;0.9249655467883955
1F47_A_B;DA7A;1.7327864088412854
1F47_A_B;IA8A;2.5149793195060326
1F47_A_B;PA9A;-0.057535894498996466
1F47_A_B;FA11A;2.444252433508603
1F47_A_B;LA12A;2.2941716734520803
1F47_A_B;KA14A;-0.04261938991709645
1F47_A_B;QA15A;-0.04557278217249507
1F47_A_B;DA7S;2.06382250864078
1F47_A_B;DA7G;1.1387685212697853
1FCC_A_C;TC25A;0.24009775306543044
1FCC_A_C;KC28A;1.255522363745299
1FCC_A_C;KC31A;3.47580589921637
1FCC_A_C;NC35A;2.3639173596894745
1FCC_A_C;DC40A;0.272113870067591
1FCC_A_C;EC42A;0.38524797739470834
1FCC_A_C;WC43A;3.771285474126445
1FCC_A_C;TC44A,YC45A;1.9534675397960077
1GC1_G_C;KC1A;0.062389642327770584
1GC1_G_C;KC2A;-0.016681495217048703
1GC1_G_C;KC7A;0.9973880715770235
1GC1_G_C;KC8A;0.10521460555701467
1GC1_G_C;DC10A;0.0
1GC1_G_C;TC11A;0.0
1GC1_G_C;TC15A;0.32190401750390923
1GC1_G_C;TC17A;-0.12803736120873155
1GC1_G_C;SC19A;0.0
1GC1_G_C;QC20A;-0.016681495217048703
1GC1_G_C;KC21A;-0.12803736120873155
1GC1_G_C;KC22A;0.24009775306543055
1GC1_G_C;SC23A;0.29253499440339376
1GC1_G_C;QC25A;0.032016117002160546
1GC1_G_C;HC27A;0.28241245868473513
1GC1_G_C;KC29A;0.5359688347135314
1GC1_G_C;NC30A;0.17035206682803622
1GC1_G_C;SC31A;0.10521460555701467
1GC1_G_C;NC32A;0.18256185856643406
1GC1_G_C;QC33A;0.10521460555701467
1GC1_G_C;KC35A;0.32190401750390923
1GC1_G_C;NC39A;0.4653908870324669
1GC1_G_C;QC40A;-0.4104498198934667
1GC1_G_C;SC42A;0.0
1GC1_G_C;LC44A;1.0554889445748414
1GC1_G_C;TC45A;-0.14881682378221342
1GC1_G_C;KC46A;1.4302990134480842
1GC1_G_C;SC49A;0.6108669182033583
1GC1_G_C;KC50A;0.0473976030918115
1GC1_G_C;LC51A;1.2334019883201515
1GC1_G_C;NC52A;0.7079819234432927
1GC1_G_C;DC53A;0.302487395393201
1GC1_G_C;DC56A;-0.06974568623739413
1GC1_G_C;RC58A;0.13213532856516474
1GC1_G_C;RC59A;1.1753222384043516
1GC1_G_C;SC60A;-0.08854580238955746
1GC1_G_C;DC63A;-0.3191688906102496
1GC1_G_C;QC64A;0.44246593689562724
1GC1_G_C;NC66A;-0.03384657879882151
1GC1_G_C;KC72A;-0.016681495217048703
1GC1_G_C;NC73A;-0.10796242450026569
1GC1_G_C;KC75A;0.1578852080486166
1GC1_G_C;EC77A;0.5620017705693396
1GC1_G_C;YC82A;1.2900265260872052
1GC1_G_C;EC85A;1.322630388963617
1GC1_G_C;VC86A;-0.06974568623739413
1GC1_G_C;EC87A;0.21774966991984768
1GC1_G_C;DC88A;-0.06974568623739413
1GC1_G_C;QC89A;0.17035206682803622
1GC1_G_C;KC90A;0.0473976030918115
1GC1_G_C;EC91A;-0.12803736120873155
1GC1_G_C;EC92A;0.01622440996108876
1GC1_G_C;QC94A;-0.10796242450026569
1GC1_G_C;QC89L;-0.310769403400333
1GC1_G_C;QC40A,DC63A;-0.4989956222830242
1GC1_G_C;QC40A,DC63A,QC89L;-0.8478203627950833
1JRH_LH_I;TI4V;-0.025564570791689542
1JRH_LH_I;TI9L,EI11K;-0.025564570791689542
1JRH_LH_I;MI15L,II18V;-0.2135941867632922
1JRH_LH_I;II25N,PI27S,VI29T,VI31I;0.14369797609752957
1JRH_LH_I;EI35Q;0.0995629372903491
1JRH_LH_I;AI49S,II51T,HI55D;0.07067165033490257
1JRH_LH_I;SI61Y,DI62E,HI63Q,VI64I,GI65M,DI66Y,SI68D,NI69V,LI71A;2.9586678423466433
1JRH_LH_I;VI73A,RI78K;-0.2135941867632922
1JRH_LH_I;AI85D,KI88R,EI90K;-0.04774521326891666
1JRH_LH_I;AI93L,VI94M;0.6336277384672708
1JRH_LH_I;EL27A;0.5425851484586315
1JRH_LH_I;DL28A;0.43462272395836565
1JRH_LH_I;YL30A;1.1083949959441752
1JRH_LH_I;YL91A;0.580801886721503
1JRH_LH_I;WL92A;2.8182505057743468
1JRH_LH_I;SL93A;-0.6505475729588971
1JRH_LH_I;TL94A;0.38524797739470834
1JRH_LH_I;WL95A;1.6659721836387658
1JRH_LH_I;YH32A;1.4332304744829591
1JRH_LH_I;WH54A;2.686115177209182
1JRH_LH_I;WH55A;2.421183264935101
1JRH_LH_I;DH56A;1.8859949999957304
1JRH_LH_I;DH57A;1.6659721836387658
1JRH_LH_I;DH58A;1.8545458087618083
1JRH_LH_I;YH60A;1.255522363745299
1JRH_LH_I;RH100A;0.5425851484586315
1JRH_LH_I;FH103A;0.0
1JRH_LH_I;YH104A;1.0609973928523637
1JRH_LH_I;HH107A;1.6976765586386255
1JRH_LH_I;EI45P,II47R;-3.4399067917777977
1JRH_LH_I;SI44G,EI45G,II47R;-3.3775171494500267
1JRH_LH_I;EI45P,II47L;-3.456588286994846
1JRH_LH_I;SI44G,EI45P,II47K;-3.8842031904700858
1JRH_LH_I;EI45P;-3.7879669693434934
1JRH_LH_I;KI37A;3.713656450314858
1JRH_LH_I;KI37M;3.2921464427088174
1JRH_LH_I;NI38A;0.17044843036341803
1JRH_LH_I;NI38Q;0.5344417197243527
1JRH_LH_I;YI39A;3.5269275474201596
1JRH_LH_I;YI39F;0.9087302292133297
1JRH_LH_I;GI40A;4.449991154861055
1JRH_LH_I;VI41A;1.6790635898790058
1JRH_LH_I;KI42A;3.385629354430571
1JRH_LH_I;KI42M;4.911354004523628
1JRH_LH_I;NI43A;4.299594117620863
1JRH_LH_I;SI44A;0.3776897632675521
1JRH_LH_I;EI45A;-0.5657534474554331
1JRH_LH_I;WI46F;-0.2525981217718675
1JRH_LH_I;WI46Y;0.2985131483412959
1JRH_LH_I;NI69A;-0.19952311415320653
1JRH_LH_I;WI72A;4.428799885222241
1JRH_LH_I;WI72F;1.1026457481175558
1JRH_LH_I;WI72Y;1.1877613021196902
1JRH_LH_I;RI74A;0.392595291541879
1JRH_LH_I;KI88A;0.31207629650144464
1DAN_HL_UT;WT40R,ST42G;1.5404936344599864
1DAN_HL_UT;WT40A;1.964764329689653
1DAN_HL_UT;ST42A;-0.04401076620615456
1DAN_HL_UT;VT28A;-0.19321275639088253
1DAN_HL_UT;YT46A;-0.13156144160186412
1DAN_HL_UT;FT71A;1.149372560079089
1DAN_HL_UT;YT73A;0.6525841977144808
1DAN_HL_UT;PU2A;-0.19321275639088253
1DAN_HL_UT;YU4A;0.6738536808753439
1DAN_HL_UT;VT31A;-0.13156144160186412
1DAN_HL_UT;QT32A;0.6522146166014307
1DAN_HL_UT;IT33A;-0.13156144160186412
1DAN_HL_UT;GT38A;0.06726665945340643
1DAN_HL_UT;KT43A;0.685799577236405
1DAN_HL_UT;CT44S,CT52S;-0.33882801768535276
1DAN_HL_UT;TT55A;2.3124719649434313
1DAN_HL_UT;TT55A,FU50A;4.496988281798169
1DAN_HL_UT;TT55A,KT15A;3.1760639017846124
1DAN_HL_UT;DT39A;1.4781241952229245
1DAN_HL_UT;DT39A,WT40A;1.5671150196677897
1DAN_HL_UT;DT39A,FU50A;3.299428471628862
1DAN_HL_UT;DT39A,KT15A;4.15505914268165
1DAN_HL_UT;DT39A,DT53A;4.011299301597106
1DAN_HL_UT;DT39A,TT55A;4.324557788064539
1DAN_HL_UT;DT39A,KT15A,FU50A;5.963082650121725
1DAN_HL_UT;RH125A;0.7436235252709383
1DAN_HL_UT;MH154A;0.7391163788306966
1DAN_HL_UT;KH189A;-0.18532428566973475
1DAN_HL_UT;LH135A;0.01568572243005791
1DAN_HL_UT;KT15A;2.511991008203746
1DAN_HL_UT;KT41A;0.5630326614308778
1DAN_HL_UT;QU20A;1.3048077218387597
1DAN_HL_UT;RU45A;0.7523457941537005
1DAN_HL_UT;FU50A;1.7477237126114433
1DAN_HL_UT;VU113A;0.6902523769230233
1DAN_HL_UT;ST11A;-0.12974140244135687
1DAN_HL_UT;LT54A;0.0
1DAN_HL_UT;DT56A;0.24192257398474679
1DAN_HL_UT;ET57A;0.0
1DAN_HL_UT;IT58A;0.0
1DAN_HL_UT;VT59A;0.0
1DAN_HL_UT;QT64A;0.0
1DAN_HL_UT;LT67A;-0.05980613594951987
1DAN_HL_UT;EU15A;-0.05980613594951987
1DAN_HL_UT;TU16A;-0.05980613594951987
1DAN_HL_UT;NU17A;0.0
1DAN_HL_UT;RU41A;0.0
1DAN_HL_UT;TU42A;0.0
1DAN_HL_UT;RU46A;-0.05980613594951987
1DAN_HL_UT;NU48A;0.0
1DAN_HL_UT;VU56A;0.1994391395084252
1DAN_HL_UT;FU57A;-0.05980613594951987
1DAN_HL_UT;YU67A;0.0
1DAN_HL_UT;VU85A;0.10978724541958199
1DAN_HL_UT;RU102A;0.46037260344181763
1DAN_HL_UT;TU103A;0.10978724541958199
1DAN_HL_UT;VU104A;0.10978724541958199
1DAN_HL_UT;NU105A;0.0
1NMB_N_LH;DH57N;2.9534640848023437
1NMB_N_LH;DH57E;2.9534640848023437
1NMB_N_LH;YH103A;2.140501101841093
1NMB_N_LH;YH105F;1.4193312267634717
1NMB_N_LH;YL32F;0.46629625841137357
1NMB_N_LH;TL93F;-0.02390183337136055
1NMB_N_LH;TL93W;0.18417980269190937
1NMB_N_LH;LL94V;0.8999707773317527
1VFB_AB_C;DC18A;0.3401116834618858
1VFB_AB_C;NC19A;0.396064806768784
1VFB_AB_C;YC23A;0.4104498198934667
1VFB_AB_C;SC24A;0.8509177661303672
1VFB_AB_C;KC116A;0.713410749034169
1VFB_AB_C;TC118A;0.7650532012690267
1VFB_AB_C;DC119A;0.9530349683520981
1VFB_AB_C;VC120A;0.9168989519606978
1VFB_AB_C;QC121A;2.876838183710955
1VFB_AB_C;IC124A;1.2313494596804
1VFB_AB_C;RC125A;1.8367977842143035
1VFB_AB_C;LC129A;0.17153519193629735
1VFB_AB_C;YA32A,QC121A;1.58595284105596
1VFB_AB_C;YA32A,IC124A;2.905554303110119
1VFB_AB_C;YA50A,DC18A;1.2658536220223062
1VFB_AB_C;YA50A,DC119A;1.2313494596804
1VFB_AB_C;WA92A,QC121A;3.5187410203697893
1VFB_AB_C;WA92A,IC124A;3.850119702718436
1VFB_AB_C;WA92A,RC125A;3.393101046725957
1VFB_AB_C;WA92A,LC129A;3.307179013018446
1VFB_AB_C;YB32A,KC116A;1.58595284105596
1VFB_AB_C;WB52A,DC119A;2.24724760410777
1VFB_AB_C;DB54A,TC118A;1.2545741587073125
1VFB_AB_C;DB100A,SC24A;3.369568655346216
1VFB_AB_C;YB101F,DC119A;2.7363690424126994
1VFB_AB_C;YB101F,VC120A;2.5383367330151505
3HFM_HL_Y;YY20A;4.573525267908913
3HFM_HL_Y;NL32A;5.107062100524825
3HFM_HL_Y;KY96A;6.820532424996966
3HFM_HL_Y;NL31A;5.213841399916829
3HFM_HL_Y;NL31A,KY96A;7.467971514186721
3HFM_HL_Y;NL31D;1.343409851537099
3HFM_HL_Y;NL31E;5.7070518018118035
3HFM_HL_Y;YL50A;4.557342481188039
3HFM_HL_Y;YL50L;4.3929417601298955
3HFM_HL_Y;YL50F;2.3547364948605347
3HFM_HL_Y;YL50A,RY21A;6.366119722052409
3HFM_HL_Y;YL50F,RY21A;4.330552117802125
3HFM_HL_Y;YL50F,YY20A;6.2233146648268045
3HFM_HL_Y;YL50A,KY96A;7.729604510297974
3HFM_HL_Y;YL50A,KY97A;7.319154690404509
3HFM_HL_Y;KY97A;5.8610808160031755
3HFM_HL_Y;YH33A;6.034741039703762
3HFM_HL_Y;YH33A,KY96A;7.227873761121291
3HFM_HL_Y;WH98F;3.245381820884862
3HFM_HL_Y;WH98F,YY20A;6.228673560402511
3HFM_HL_Y;WH98A;5.510377449540137
3HFM_HL_Y;WH98A,KY96A;7.729604510297974
3HFM_HL_Y;DH32A;1.898121442600386
3HFM_HL_Y;DH32A,KY97A;4.592185113913379
3HFM_HL_Y;DH32N,KY97A;4.891279067815162
3HFM_HL_Y;DH32N;0.17035206682803622
3HFM_HL_Y;DH32A,KY97M;1.1233870351801345
3HFM_HL_Y;DH32N,KY97M;0.302487395393201
3HFM_HL_Y;KY97M;0.9469191064664959
3HFM_HL_Y;RY21A;0.9032681643031188
3HFM_HL_Y;SH31A;0.17035206682803622
3HFM_HL_Y;YH50A;7.319154690404509
3HFM_HL_Y;YH50A,RY21A;7.940810976407959
3HFM_HL_Y;QL53A;0.9530349683520981
3HFM_HL_Y;YL96A;2.706894639782664
3HFM_HL_Y;YL96A,RY21A;5.756426548375461
3HFM_HL_Y;YL96F,RY21A;4.181735294019912
3HFM_HL_Y;YL96F;1.4017015265084365
3HFM_HL_Y;YH53W;0.7061426543232028
3HFM_HL_Y;YH53F;0.6204647783063743
3HFM_HL_Y;YH53L;0.8068445879116483
3HFM_HL_Y;YH53A;3.250199371633558
3HFM_HL_Y;YH33W;1.7494673227461541
3HFM_HL_Y;YH33F;1.0711617625927676
3HFM_HL_Y;YH33L;2.0068268280996833
3HFM_HL_Y;YH50F;1.609902030767283
3HFM_HL_Y;YH50L;2.848678449782837
3HFM_HL_Y;YH58F;0.363105272952845
3HFM_HL_Y;YH58L;1.5135890127089389
3HFM_HL_Y;YH58A;1.6759505847384073
3HFM_HL_Y;DY101G;0.35882779908860757
3HFM_HL_Y;DY101A;1.2296716759719788
3HFM_HL_Y;DY101N;1.4910296843962596
3HFM_HL_Y;DY101S;1.869296111389918
3HFM_HL_Y;DY101Q;2.085058680160742
3HFM_HL_Y;DY101R;2.2797459312833848
3HFM_HL_Y;DY101E;2.132762407227639
3HFM_HL_Y;DY101F;2.328132106111119
3HFM_HL_Y;DY101K;2.1244216596191148
3HFM_HL_Y;RY21W;2.132762407227639
3HFM_HL_Y;RY21Q;2.397401286617197
3HFM_HL_Y;RY21E;2.4532988612847184
3HFM_HL_Y;RY21G;2.4214464464937135
3HFM_HL_Y;RY21N;2.328132106111119
3HFM_HL_Y;RY21H;2.169197665369693
3HFM_HL_Y;RY21K;1.7624958552852164
3HFM_HL_Y;NY19K;0.24009775306543044
3HFM_HL_Y;NY19Q;-0.0424834344763215
3HFM_HL_Y;NY19D;0.4104498198934667
3HFM_HL_Y;GY102V;0.3952630572306617
3HFM_HL_Y;RY21M;2.0497766369204387
3HFM_HL_Y;KY97G;6.430198820361269
3HFM_HL_Y;KY97D;6.768049194664167
3HFM_HL_Y;KY97E;3.6043075128359408
3HFM_HL_Y;KY97R;3.0526816709112428
3HFM_HL_Y;YY20F;-0.4839412105547861
3HFM_HL_Y;KY96M;6.776569541945876
3HFM_HL_Y;HY15A;-0.44529245261880596
3HFM_HL_Y;WY63A;0.3191688906102496
3HFM_HL_Y;RY73A;-0.3313786823486475
3HFM_HL_Y;LY75A;0.7044168680049581
3HFM_HL_Y;TY89A;0.0
3HFM_HL_Y;NY93A;0.21120646610998398
3HFM_HL_Y;IY98A;0.0
3HFM_HL_Y;SY100A;0.2676447626678617
3HFM_HL_Y;YY20L;2.184384428032498
3HFM_HL_Y;KY96R;5.352705822709235
1CHO_EFG_I;LI15G;6.0006700432392135
1CHO_EFG_I;LI15A;4.781676262203207
1CHO_EFG_I;LI15S;4.917439077805715
1CHO_EFG_I;LI15C;2.6056539376481815
1CHO_EFG_I;LI15V;4.214071489569875
1CHO_EFG_I;LI15T;4.4224429695575775
1CHO_EFG_I;LI15P;8.679390322375008
1CHO_EFG_I;LI15I;4.416687203345246
1CHO_EFG_I;LI15M;0.3474556483618121
1CHO_EFG_I;LI15N;3.310304085224474
1CHO_EFG_I;LI15D;7.101240122901645
1CHO_EFG_I;LI15K;4.31247282722839
1CHO_EFG_I;LI15Q;3.2098315394529338
1CHO_EFG_I;LI15E;6.662128534093949
1CHO_EFG_I;LI15H;2.9589441924727935
1CHO_EFG_I;LI15F;-1.4808442643304642
1CHO_EFG_I;LI15R;3.9508369166555513
1CHO_EFG_I;LI15Y;-2.1941019045159025
1CHO_EFG_I;LI15W;-1.6674123009200723
1PPF_E_I;LI18G;3.2865074012525444
1PPF_E_I;LI18A;1.0028051947657892
1PPF_E_I;LI18S;3.048990099706399
1PPF_E_I;LI18C;-0.08827727705160868
1PPF_E_I;LI18V;-0.48580696285523994
1PPF_E_I;LI18T;0.9027287454169752
1PPF_E_I;LI18P;6.061585379633842
1PPF_E_I;LI18I;-0.7226819272889196
1PPF_E_I;LI18M;1.2247731104257755
1PPF_E_I;LI18N;5.152695328112993
1PPF_E_I;LI18D;7.5075148601619786
1PPF_E_I;LI18K;5.613646252484978
1PPF_E_I;LI18Q;3.3009253871785105
1PPF_E_I;LI18E;6.965116770980213
1PPF_E_I;LI18H;6.381171448492667
1PPF_E_I;LI18F;5.097540666949609
1PPF_E_I;LI18R;7.084539036728508
1PPF_E_I;LI18Y;6.543423871938498
1PPF_E_I;LI18W;7.439172535222286
1R0R_E_I;LI13G;2.3201410234148208
1R0R_E_I;LI13A;0.41429857104595447
1R0R_E_I;LI13S;1.549366587692872
1R0R_E_I;LI13C;-1.3275674069114751
1R0R_E_I;LI13V;2.1265603472370915
1R0R_E_I;LI13T;0.15753895107809815
1R0R_E_I;LI13P;7.580720015497826
1R0R_E_I;LI13I;3.2087334045711025
1R0R_E_I;LI13M;-0.5090740314999358
1R0R_E_I;LI13N;1.4795054097309588
1R0R_E_I;LI13D;4.4761403325514735
1R0R_E_I;LI13K;3.051291032357322
1R0R_E_I;LI13Q;0.5850716521439306
1R0R_E_I;LI13E;2.1207275054769212
1R0R_E_I;LI13H;0.5617201758212095
1R0R_E_I;LI13F;0.6084231284666518
1R0R_E_I;LI13R;2.8945495667002414
1R0R_E_I;LI13Y;0.44059139552936544
1R0R_E_I;LI13W;1.5027219300854675
3SGB_E_I;LI12G;4.933851329158159
3SGB_E_I;LI12A;2.9313517776454234
3SGB_E_I;LI12S;4.100355769895383
3SGB_E_I;LI12C;-0.01320294712060771
3SGB_E_I;LI12V;2.994954274550863
3SGB_E_I;LI12T;3.160113217225863
3SGB_E_I;LI12P;8.32828578196544
3SGB_E_I;LI12I;4.418880436035248
3SGB_E_I;LI12M;0.44697447680205615
3SGB_E_I;LI12N;3.352494292273811
3SGB_E_I;LI12D;5.589755775252962
3SGB_E_I;LI12K;3.1377841727622364
3SGB_E_I;LI12Q;2.5095793528220987
3SGB_E_I;LI12E;6.089258755732436
3SGB_E_I;LI12H;1.6900199514502139
3SGB_E_I;LI12F;1.3548929899871385
3SGB_E_I;LI12R;3.3200901156927354
3SGB_E_I;LI12Y;1.652677814772663
3SGB_E_I;LI12W;1.8392458513622711
1CHO_EFG_I;AI12G;0.06509553232925243
1CHO_EFG_I;AI12S;0.06509553232925243
1CHO_EFG_I;AI12C;-0.3222293219127029
1CHO_EFG_I;AI12V;0.9254349534329938
1CHO_EFG_I;AI12T;0.9555884211720166
1CHO_EFG_I;AI12P;3.0656911858795364
1CHO_EFG_I;AI12L;0.13874229320222406
1CHO_EFG_I;AI12I;0.6462412115217002
1CHO_EFG_I;AI12M;0.13874229320222406
1CHO_EFG_I;AI12N;-0.2848871852351522
1CHO_EFG_I;AI12D;0.0
1CHO_EFG_I;AI12K;2.463948084224656
1CHO_EFG_I;AI12Q;0.4362929274865213
1CHO_EFG_I;AI12E;0.2218752818126122
1CHO_EFG_I;AI12H;-0.3222293219127029
1CHO_EFG_I;AI12F;-0.7252448517976341
1CHO_EFG_I;AI12R;0.46203301783388884
1CHO_EFG_I;AI12Y;-0.8633444867027124
1CHO_EFG_I;AI12W;-1.8985314991414202
1PPF_E_I;AI15G;1.1223859378254877
1PPF_E_I;AI15S;0.7459489959336154
1PPF_E_I;AI15C;-0.6643295154030066
1PPF_E_I;AI15V;0.1975361401540278
1PPF_E_I;AI15T;0.9494316980624176
1PPF_E_I;AI15P;1.9676840307258192
1PPF_E_I;AI15L;0.017545028650184976
1PPF_E_I;AI15I;0.3248915324240931
1PPF_E_I;AI15M;-0.39575128094495193
1PPF_E_I;AI15N;0.9027287454169752
1PPF_E_I;AI15D;1.1223859378254877
1PPF_E_I;AI15K;1.111859426999416
1PPF_E_I;AI15Q;0.24629783879346112
1PPF_E_I;AI15E;0.10413360516208592
1PPF_E_I;AI15H;0.5451921782812681
1PPF_E_I;AI15F;-0.07193479757529755
1PPF_E_I;AI15R;-0.26050080309223145
1PPF_E_I;AI15Y;-0.18249102309834941
1PPF_E_I;AI15W;-0.6319253388219314
1R0R_E_I;AI10G;1.0962621126572838
1R0R_E_I;AI10S;1.7174320495970419
1R0R_E_I;AI10C;-0.47673819903977765
1R0R_E_I;AI10V;-0.9565882305436084
1R0R_E_I;AI10T;1.250472248205065
1R0R_E_I;AI10P;3.298789086481391
1R0R_E_I;AI10L;-1.7305829367964063
1R0R_E_I;AI10I;-1.7744688256547438
1R0R_E_I;AI10M;-1.7154079136072877
1R0R_E_I;AI10N;2.063259620109934
1R0R_E_I;AI10D;5.155659485233353
1R0R_E_I;AI10K;3.030210852023336
1R0R_E_I;AI10Q;1.785774374536735
1R0R_E_I;AI10E;4.514136124232929
1R0R_E_I;AI10H;1.7501234053452193
1R0R_E_I;AI10F;-2.211778770803918
1R0R_E_I;AI10R;5.453502149288756
1R0R_E_I;AI10Y;-0.8268155324510056
1R0R_E_I;AI10W;0.20418360868550245
3SGB_E_I;AI9G;2.4518568511311227
3SGB_E_I;AI9S;0.898302392136051
3SGB_E_I;AI9C;0.04095839731931356
3SGB_E_I;AI9V;-0.7120872611077034
3SGB_E_I;AI9T;0.3264642147463896
3SGB_E_I;AI9P;0.5450121373114389
3SGB_E_I;AI9L;0.16643131945423364
3SGB_E_I;AI9I;-0.4468805868713185
3SGB_E_I;AI9M;0.08771979097365096
3SGB_E_I;AI9N;-0.08788391158417269
3SGB_E_I;AI9D;0.46974725921112404
3SGB_E_I;AI9K;2.4567456289900234
3SGB_E_I;AI9Q;0.4242016943929883
3SGB_E_I;AI9E;0.6621283342590716
3SGB_E_I;AI9H;-0.4468805868713185
3SGB_E_I;AI9F;-1.1642063718404654
3SGB_E_I;AI9R;2.0073113132664413
3SGB_E_I;AI9Y;-1.6243488728502213
3SGB_E_I;AI9W;-1.532041914377748
1CHO_EFG_I;TI14G;5.220755017562606
1CHO_EFG_I;TI14A;4.179034344093041
1CHO_EFG_I;TI14S;2.3178297082579644
1CHO_EFG_I;TI14C;3.282760675842448
1CHO_EFG_I;TI14V;3.379742248844381
1CHO_EFG_I;TI14P;4.174291230224332
1CHO_EFG_I;TI14L;4.3551350058809355
1CHO_EFG_I;TI14I;3.6009933122112066
1CHO_EFG_I;TI14M;3.899887651699014
1CHO_EFG_I;TI14N;4.25742421883472
1CHO_EFG_I;TI14D;6.725914895036848
1CHO_EFG_I;TI14K;4.035548937022108
1CHO_EFG_I;TI14Q;3.6306085106842585
1CHO_EFG_I;TI14E;5.581851866548462
1CHO_EFG_I;TI14H;3.6009933122112066
1CHO_EFG_I;TI14F;4.174291230224332
1CHO_EFG_I;TI14R;3.8300264737371004
1CHO_EFG_I;TI14Y;4.4108741648869065
1CHO_EFG_I;TI14W;4.100644469351361
1PPF_E_I;TI17G;3.5497419741668685
1PPF_E_I;TI17A;3.1451382657596376
1PPF_E_I;TI17S;1.509565345279622
1PPF_E_I;TI17C;2.0584406191928077
1PPF_E_I;TI17V;1.4916029676178724
1PPF_E_I;TI17P;3.0313745276105046
1PPF_E_I;TI17L;2.2479117244243447
1PPF_E_I;TI17I;1.466903520142346
1PPF_E_I;TI17M;2.467568916832857
1PPF_E_I;TI17N;2.6611495930105864
1PPF_E_I;TI17D;4.855144693828695
1PPF_E_I;TI17K;3.34160422314605
1PPF_E_I;TI17Q;1.941324422245175
1PPF_E_I;TI17E;3.015028849736416
1PPF_E_I;TI17H;1.6700745114314626
1PPF_E_I;TI17F;1.6861915486031351
1PPF_E_I;TI17R;3.403623598200177
1PPF_E_I;TI17Y;2.4463227374520793
1PPF_E_I;TI17W;2.1647787358139565
1R0R_E_I;TI12G;3.0953063843525883
1R0R_E_I;TI12A;0.9665192982837467
1R0R_E_I;TI12S;0.8470793651489319
1R0R_E_I;TI12C;0.801877911842486
1R0R_E_I;TI12V;0.9945696209077932
1R0R_E_I;TI12P;4.881080758889324
1R0R_E_I;TI12L;0.6594309628674239
1R0R_E_I;TI12I;0.25513287364203974
1R0R_E_I;TI12M;1.312491623259192
1R0R_E_I;TI12N;0.01761557209589438
1R0R_E_I;TI12D;2.8479049090928372
1R0R_E_I;TI12K;1.906903154828579
1R0R_E_I;TI12Q;2.1907148008745847
1R0R_E_I;TI12E;2.97638566929202
1R0R_E_I;TI12H;0.5183674465563638
1R0R_E_I;TI12F;-0.06509553232925251
1R0R_E_I;TI12R;3.298789086481391
1R0R_E_I;TI12Y;-0.8665957917965481
1R0R_E_I;TI12W;2.8945495667002414
3SGB_E_I;TI11G;5.506506448524476
3SGB_E_I;TI11A;3.3631971139374937
3SGB_E_I;TI11S;2.467694544450355
3SGB_E_I;TI11C;2.8855344908818337
3SGB_E_I;TI11V;2.2288591513662963
3SGB_E_I;TI11P;3.1377841727622364
3SGB_E_I;TI11L;2.4369401545192546
3SGB_E_I;TI11I;1.7285144780205086
3SGB_E_I;TI11M;2.0073113132664413
3SGB_E_I;TI11N;3.209117245284604
3SGB_E_I;TI11D;4.887148376512717
3SGB_E_I;TI11K;2.0073113132664413
3SGB_E_I;TI11Q;2.8993898172382226
3SGB_E_I;TI11E;4.564283530490071
3SGB_E_I;TI11H;3.45883240889496
3SGB_E_I;TI11F;3.58866835015079
3SGB_E_I;TI11R;1.945291938212314
3SGB_E_I;TI11Y;3.3200901156927354
3SGB_E_I;TI11W;2.994954274550863
1CHO_EFG_I;EI16G;3.5722560987983454
1CHO_EFG_I;EI16A;2.300771400179386
1CHO_EFG_I;EI16S;2.7554614903439916
1CHO_EFG_I;EI16C;2.6903659580147394
1CHO_EFG_I;EI16V;2.4054787727795865
1CHO_EFG_I;EI16T;2.8688885105625057
1CHO_EFG_I;EI16P;2.5547046726916443
1CHO_EFG_I;EI16L;2.829108251216963
1CHO_EFG_I;EI16I;2.6056539376481815
1CHO_EFG_I;EI16M;2.6607507595416866
1CHO_EFG_I;EI16N;2.300771400179386
1CHO_EFG_I;EI16D;0.8694861600665738
1CHO_EFG_I;EI16K;3.5446111090622336
1CHO_EFG_I;EI16Q;1.3155677805343173
1CHO_EFG_I;EI16H;2.0606418003367426
1CHO_EFG_I;EI16F;3.5722560987983454
1CHO_EFG_I;EI16R;3.6306085106842585
1CHO_EFG_I;EI16Y;2.632013546128826
1CHO_EFG_I;EI16W;3.116036673873118
1PPF_E_I;EI19G;2.091131974940985
1PPF_E_I;EI19A;1.1865403914629808
1PPF_E_I;EI19S;1.8205139793267244
1PPF_E_I;EI19C;1.3831093378131283
1PPF_E_I;EI19V;1.1428864814382518
1PPF_E_I;EI19T;1.4840320759073868
1PPF_E_I;EI19P;3.1656969583340935
1PPF_E_I;EI19L;1.0561786914691607
1PPF_E_I;EI19I;0.7132576401854381
1PPF_E_I;EI19M;1.1327261289099284
1PPF_E_I;EI19N;1.1958136900567442
1PPF_E_I;EI19D;0.569880593196232
1PPF_E_I;EI19K;2.091131974940985
1PPF_E_I;EI19Q;0.6512382651313109
1PPF_E_I;EI19H;0.680853463604363
1PPF_E_I;EI19F;1.3451829790073697
1PPF_E_I;EI19R;1.455217850988233
1PPF_E_I;EI19Y;1.2315014584385298
1PPF_E_I;EI19W;1.5087785985635522
1R0R_E_I;EI14G;2.674248920843066
1R0R_E_I;EI14A;2.0603531008807643
1R0R_E_I;EI14S;3.1309573535441046
1R0R_E_I;EI14C;2.3385717489370967
1R0R_E_I;EI14V;0.09345223534373995
1R0R_E_I;EI14T;4.193087888100206
1R0R_E_I;EI14P;3.7120853960765277
1R0R_E_I;EI14L;0.5617201758212095
1R0R_E_I;EI14I;0.7267389265440661
1R0R_E_I;EI14M;1.549366587692872
1R0R_E_I;EI14N;2.0888565853267416
1R0R_E_I;EI14D;0.25513287364203974
1R0R_E_I;EI14K;2.674248920843066
1R0R_E_I;EI14Q;1.2643275745614537
1R0R_E_I;EI14H;1.6850278730159667
1R0R_E_I;EI14F;3.5677300798582485
1R0R_E_I;EI14R;2.063259620109934
1R0R_E_I;EI14Y;1.8635504255637336
1R0R_E_I;EI14W;1.8237701662181909
3SGB_E_I;EI13G;2.075653638206134
3SGB_E_I;EI13A;1.0050493855427942
3SGB_E_I;EI13S;1.9165547247994528
3SGB_E_I;EI13C;1.158324043636991
3SGB_E_I;EI13V;0.1257745324949981
3SGB_E_I;EI13T;2.11364942988759
3SGB_E_I;EI13P;2.24348537114342
3SGB_E_I;EI13L;0.7684664508802206
3SGB_E_I;EI13I;-0.614712319808605
3SGB_E_I;EI13M;-0.18685893537037845
3SGB_E_I;EI13N;1.0866990872489792
3SGB_E_I;EI13D;0.5450121373114389
3SGB_E_I;EI13K;0.16643131945423364
3SGB_E_I;EI13Q;0.18097660716690414
3SGB_E_I;EI13H;0.5187512872698654
3SGB_E_I;EI13F;1.9165547247994528
3SGB_E_I;EI13R;1.257299067423197
3SGB_E_I;EI13Y;0.7684664508802206
3SGB_E_I;EI13W;1.5261595861742736
1CHO_EFG_I;YI17G;3.1318984322358636
1CHO_EFG_I;YI17A;2.50806001508424
1CHO_EFG_I;YI17S;2.829108251216963
1CHO_EFG_I;YI17C;2.50806001508424
1CHO_EFG_I;YI17V;3.415534790323881
1CHO_EFG_I;YI17T;3.2580722609274844
1CHO_EFG_I;YI17P;8.446423101909014
1CHO_EFG_I;YI17L;0.6749196339971126
1CHO_EFG_I;YI17I;2.0799030683918813
1CHO_EFG_I;YI17M;1.2095216936842745
1CHO_EFG_I;YI17N;2.9589441924727935
1CHO_EFG_I;YI17D;6.117815089269923
1CHO_EFG_I;YI17K;3.121371921409792
1CHO_EFG_I;YI17Q;3.1106522528550853
1CHO_EFG_I;YI17E;4.946176291218576
1CHO_EFG_I;YI17H;1.4886683860783019
1CHO_EFG_I;YI17F;0.1785225525477666
1CHO_EFG_I;YI17R;2.8688885105625057
1CHO_EFG_I;YI17W;0.38689403253546895
1PPF_E_I;YI20G;4.127636640267789
1PPF_E_I;YI20A;3.1656969583340935
1PPF_E_I;YI20S;3.593094703431714
1PPF_E_I;YI20C;3.403623598200177
1PPF_E_I;YI20V;4.127636640267789
1PPF_E_I;YI20T;4.984980635084526
1PPF_E_I;YI20P;5.292454638977869
1PPF_E_I;YI20L;1.3557730976014757
1PPF_E_I;YI20I;3.8769063494777196
1PPF_E_I;YI20M;2.773253383796047
1PPF_E_I;YI20N;3.593094703431714
1PPF_E_I;YI20D;6.330163614091895
1PPF_E_I;YI20K;4.431515215391319
1PPF_E_I;YI20Q;4.631690380259914
1PPF_E_I;YI20E;6.330163614091895
1PPF_E_I;YI20H;2.38212629905909
1PPF_E_I;YI20F;0.4753310003193549
1PPF_E_I;YI20R;4.311461974288622
1PPF_E_I;YI20W;0.23210591309327072
1R0R_E_I;YI15G;6.312971527865784
1R0R_E_I;YI15A;5.398347488125372
1R0R_E_I;YI15S;5.090852652360079
1R0R_E_I;YI15C;3.2087334045711025
1R0R_E_I;YI15V;3.461216815418389
1R0R_E_I;YI15T;5.398347488125372
1R0R_E_I;YI15P;6.561810163862446
1R0R_E_I;YI15L;2.5392730240634616
1R0R_E_I;YI15I;2.8246883887383283
1R0R_E_I;YI15M;3.0953063843525883
1R0R_E_I;YI15N;5.538270867107577
1R0R_E_I;YI15D;5.544654549845198
1R0R_E_I;YI15K;5.435689624802923
1R0R_E_I;YI15Q;4.4404893633599585
1R0R_E_I;YI15E;4.553916383578472
1R0R_E_I;YI15H;3.2117000748047544
1R0R_E_I;YI15F;0.6084231284666518
1R0R_E_I;YI15R;4.407798007611781
1R0R_E_I;YI15W;-0.35909687347707214
3SGB_E_I;YI14G;2.8028322716445553
3SGB_E_I;YI14A;1.9165547247994528
3SGB_E_I;YI14S;2.0073113132664413
3SGB_E_I;YI14C;1.6716471937537591
3SGB_E_I;YI14V;4.360143692429439
3SGB_E_I;YI14T;4.8040153879023295
3SGB_E_I;YI14P;6.188978626255241
3SGB_E_I;YI14L;1.5542068382308531
3SGB_E_I;YI14I;3.5419653975053476
3SGB_E_I;YI14M;1.974907136685366
3SGB_E_I;YI14N;3.1145676524077275
3SGB_E_I;YI14D;2.8247141570850167
3SGB_E_I;YI14K;3.385185648021988
3SGB_E_I;YI14Q;3.235378095326178
3SGB_E_I;YI14E;2.0073113132664413
3SGB_E_I;YI14H;1.5380806638884486
3SGB_E_I;YI14F;0.16643131945423364
3SGB_E_I;YI14R;2.72212407786968
3SGB_E_I;YI14W;0.3833314990131391
1CHO_EFG_I;RI18G;3.437582899199053
1CHO_EFG_I;RI18A;3.1473408875857216
1CHO_EFG_I;RI18S;3.142238623320304
1CHO_EFG_I;RI18C;3.476416014552722
1CHO_EFG_I;RI18V;2.037337064724243
1CHO_EFG_I;RI18T;2.632013546128826
1CHO_EFG_I;RI18P;7.187947912870737
1CHO_EFG_I;RI18L;2.791112459535507
1CHO_EFG_I;RI18I;2.0799030683918813
1CHO_EFG_I;RI18M;2.5793930876066082
1CHO_EFG_I;RI18N;3.476416014552722
1CHO_EFG_I;RI18D;3.7304195347514426
1CHO_EFG_I;RI18K;0.6535438759211302
1CHO_EFG_I;RI18Q;2.4439732993498815
1CHO_EFG_I;RI18E;3.4647303453986087
1CHO_EFG_I;RI18H;2.7554614903439916
1CHO_EFG_I;RI18F;2.9122412398273516
1CHO_EFG_I;RI18Y;2.9589441924727935
1CHO_EFG_I;RI18W;2.4054787727795865
1PPF_E_I;RI21G;0.569880593196232
1PPF_E_I;RI21A;0.20515664466356737
1PPF_E_I;RI21S;0.4137788028550442
1PPF_E_I;RI21C;-0.08004889391375666
1PPF_E_I;RI21V;-0.3447434465441799
1PPF_E_I;RI21T;-0.01808830388130641
1PPF_E_I;RI21P;6.6122333744680075
1PPF_E_I;RI21L;-0.8466354583335056
1PPF_E_I;RI21I;-0.7999908007261014
1PPF_E_I;RI21M;-0.7490415357695641
1PPF_E_I;RI21N;0.3248915324240931
1PPF_E_I;RI21D;0.20515664466356737
1PPF_E_I;RI21K;0.5961414432378054
1PPF_E_I;RI21Q;-0.01808830388130641
1PPF_E_I;RI21E;0.45443558981427984
1PPF_E_I;RI21H;-0.48580696285523994
1PPF_E_I;RI21F;-0.9675894583346134
1PPF_E_I;RI21Y;0.21756062538060011
1PPF_E_I;RI21W;-0.5255872222007825
1R0R_E_I;RI16G;2.0603531008807643
1R0R_E_I;RI16A;-0.09471073080230456
1R0R_E_I;RI16S;-0.016117037171672666
1R0R_E_I;RI16C;0.11342702021851404
1R0R_E_I;RI16V;0.11342702021851404
1R0R_E_I;RI16T;0.33984489400859724
1R0R_E_I;RI16P;7.287635070858057
1R0R_E_I;RI16L;0.22887202360046624
1R0R_E_I;RI16I;0.20418360868550245
1R0R_E_I;RI16M;0.44059139552936544
1R0R_E_I;RI16N;-0.04974966382675567
1R0R_E_I;RI16D;-0.177412950039583
1R0R_E_I;RI16K;-0.09471073080230456
1R0R_E_I;RI16Q;0.17986799554172483
1R0R_E_I;RI16E;0.33984489400859724
1R0R_E_I;RI16H;0.5183674465563638
1R0R_E_I;RI16F;0.44059139552936544
1R0R_E_I;RI16Y;0.8118645745984782
1R0R_E_I;RI16W;0.9322396118363063
3SGB_E_I;RI15G;1.0917571755118851
3SGB_E_I;RI15A;0.0530042992357194
3SGB_E_I;RI15S;0.2737622264977266
3SGB_E_I;RI15C;0.5450121373114389
3SGB_E_I;RI15V;-0.023304735612499745
3SGB_E_I;RI15T;0.4474182147474973
3SGB_E_I;RI15P;7.577514334527456
3SGB_E_I;RI15L;0.2247837313401467
3SGB_E_I;RI15I;0.24012959984264348
3SGB_E_I;RI15M;0.1257745324949981
3SGB_E_I;RI15N;0.3264642147463896
3SGB_E_I;RI15D;0.6297241576779964
3SGB_E_I;RI15K;-0.2739263471082482
3SGB_E_I;RI15Q;0.04095839731931356
3SGB_E_I;RI15E;0.6621283342590716
3SGB_E_I;RI15H;0.4474182147474973
3SGB_E_I;RI15F;0.2247837313401467
3SGB_E_I;RI15Y;0.2898792636693992
3SGB_E_I;RI15W;0.3074948357652935
1CHO_EFG_I;PI11G;0.6275749097452002
1CHO_EFG_I;PI11A;0.37532522786479766
1CHO_EFG_I;PI11S;-0.4345556248109019
1CHO_EFG_I;PI11C;-0.9698577511425718
1CHO_EFG_I;PI11V;-0.5420043667043455
1CHO_EFG_I;PI11T;-0.5420043667043455
1CHO_EFG_I;PI11L;-0.5172578440481803
1CHO_EFG_I;PI11I;-0.5039496251829985
1CHO_EFG_I;PI11M;-0.816583093048375
1CHO_EFG_I;PI11N;-0.7691307406559715
1CHO_EFG_I;PI11D;-0.8394960511487515
1CHO_EFG_I;PI11K;0.38113826632313713
1CHO_EFG_I;PI11Q;-0.7176080692621691
1CHO_EFG_I;PI11E;-0.7100698286085153
1CHO_EFG_I;PI11H;-0.11097287040813099
1CHO_EFG_I;PI11F;-0.3032599429316068
1CHO_EFG_I;PI11R;0.3925936440358882
1CHO_EFG_I;PI11Y;-0.389594557835353
1CHO_EFG_I;PI11W;-0.20552246328500814
1PPF_E_I;PI14G;0.09208770324568005
1PPF_E_I;PI14A;-0.12240116818715319
1PPF_E_I;PI14S;-0.5635830138822384
1PPF_E_I;PI14C;-1.9771083178293007
1PPF_E_I;PI14V;-1.5038255665517581
1PPF_E_I;PI14T;-0.26050080309223145
1PPF_E_I;PI14L;-2.882675792827864
1PPF_E_I;PI14I;-1.628374228087239
1PPF_E_I;PI14M;-1.5525375648393933
1PPF_E_I;PI14N;-0.6319253388219314
1PPF_E_I;PI14D;-0.48580696285523994
1PPF_E_I;PI14K;-0.44245423359039426
1PPF_E_I;PI14Q;-0.7999908007261014
1PPF_E_I;PI14E;-1.4091148357494536
1PPF_E_I;PI14H;-1.7409342599523214
1PPF_E_I;PI14F;-1.8309899418626094
1PPF_E_I;PI14R;-0.135729629444012
1PPF_E_I;PI14Y;-0.9492167006381588
1PPF_E_I;PI14W;-1.9771083178293007
1R0R_E_I;PI9G;-0.3410085695957657
1R0R_E_I;PI9A;-0.6300128571339747
1R0R_E_I;PI9S;0.13432243072358907
1R0R_E_I;PI9C;-0.9729339084176971
1R0R_E_I;PI9V;1.312491623259192
1R0R_E_I;PI9T;1.1810782478329682
1R0R_E_I;PI9L;1.1677700289677866
1R0R_E_I;PI9I;1.7174320495970419
1R0R_E_I;PI9M;-0.032691355748177296
1R0R_E_I;PI9N;-0.904591583478004
1R0R_E_I;PI9D;-2.4861823493292365
1R0R_E_I;PI9K;0.33984489400859724
1R0R_E_I;PI9Q;-1.3949326428341253
1R0R_E_I;PI9E;-2.211778770803918
1R0R_E_I;PI9H;-0.21350362612545357
1R0R_E_I;PI9F;1.3627985511032636
1R0R_E_I;PI9R;1.0870618351929116
1R0R_E_I;PI9Y;0.8455318218672152
1R0R_E_I;PI9W;0.47858718721082133
3SGB_E_I;PI8G;0.0530042992357194
3SGB_E_I;PI8A;-0.18685893537037845
3SGB_E_I;PI8S;0.06480683287327432
3SGB_E_I;PI8C;-0.32286517729348496
3SGB_E_I;PI8V;-0.3060925742413527
3SGB_E_I;PI8T;-0.10716637299858266
3SGB_E_I;PI8L;-0.13940658297797517
3SGB_E_I;PI8I;-0.023304735612499745
3SGB_E_I;PI8M;-0.4935835395167608
3SGB_E_I;PI8N;-0.12306410350166401
3SGB_E_I;PI8D;-1.0187187642609798
3SGB_E_I;PI8K;0.11246631362981617
3SGB_E_I;PI8Q;-0.3116301090185981
3SGB_E_I;PI8E;-0.614712319808605
3SGB_E_I;PI8H;0.2737622264977266
3SGB_E_I;PI8F;-0.3401335934645754
3SGB_E_I;PI8R;0.3074948357652935
3SGB_E_I;PI8Y;-0.3958727524705465
3SGB_E_I;PI8W;-0.4935835395167608
1CHO_EFG_I;KI10G;1.7970556443129349
1CHO_EFG_I;KI10A;0.1785225525477666
1CHO_EFG_I;KI10S;-0.42070029845451284
1CHO_EFG_I;KI10C;0.4962640534988366
1CHO_EFG_I;KI10V;1.1852060805404971
1CHO_EFG_I;KI10T;0.37532522786479766
1CHO_EFG_I;KI10P;2.0474388532161347
1CHO_EFG_I;KI10L;0.37532522786479766
1CHO_EFG_I;KI10I;1.5237055315551362
1CHO_EFG_I;KI10M;0.42028629484034646
1CHO_EFG_I;KI10N;-0.3559619311802699
1CHO_EFG_I;KI10D;-0.5039496251829985
1CHO_EFG_I;KI10Q;-0.5649173248047221
1CHO_EFG_I;KI10E;0.1785225525477666
1CHO_EFG_I;KI10H;0.13874229320222406
1CHO_EFG_I;KI10F;1.0781083182580509
1CHO_EFG_I;KI10R;-0.37253624975677463
1CHO_EFG_I;KI10Y;1.0602957937722173
1CHO_EFG_I;KI10W;1.005338084998772
1PPF_E_I;KI13G;1.2315014584385298
1PPF_E_I;KI13A;0.7459489959336154
1PPF_E_I;KI13S;0.45443558981427984
1PPF_E_I;KI13C;0.9494316980624176
1PPF_E_I;KI13V;0.8593760161521296
1PPF_E_I;KI13T;0.16359561955618276
1PPF_E_I;KI13P;1.2485597665171082
1PPF_E_I;KI13L;0.3959662783692108
1PPF_E_I;KI13I;0.6225010517184498
1PPF_E_I;KI13M;0.20515664466356737
1PPF_E_I;KI13N;0.6512382651313109
1PPF_E_I;KI13D;0.6225010517184498
1PPF_E_I;KI13Q;0.24629783879346112
1PPF_E_I;KI13E;1.1171463910908843
1PPF_E_I;KI13H;1.0004395324631894
1PPF_E_I;KI13F;0.9494316980624176
1PPF_E_I;KI13R;-0.6319253388219314
1PPF_E_I;KI13Y;0.4985475206738639
1PPF_E_I;KI13W;0.8195957568065869
1R0R_E_I;KI8G;-0.8268155324510056
1R0R_E_I;KI8A;-0.6015093726879972
1R0R_E_I;KI8S;-0.30308221079000686
1R0R_E_I;KI8C;-0.607099899033598
1R0R_E_I;KI8V;0.4049404263378497
1R0R_E_I;KI8T;0.8773641218435096
1R0R_E_I;KI8P;1.3290659418356967
1R0R_E_I;KI8L;-0.3234635409455807
1R0R_E_I;KI8I;1.1083080145736897
1R0R_E_I;KI8M;-0.5534654196932068
1R0R_E_I;KI8N;-0.3853999577890369
1R0R_E_I;KI8D;-0.5850517901584258
1R0R_E_I;KI8Q;-0.5234995926941152
1R0R_E_I;KI8E;-0.108902656502495
1R0R_E_I;KI8H;-0.5850517901584258
1R0R_E_I;KI8F;-0.7834628031861599
1R0R_E_I;KI8R;0.13432243072358907
1R0R_E_I;KI8Y;-0.6857520161399457
1R0R_E_I;KI8W;-1.0900501053653298
3SGB_E_I;KI7G;-0.7154588213293731
3SGB_E_I;KI7A;-2.5363386192775383
3SGB_E_I;KI7S;-2.551579628296617
3SGB_E_I;KI7C;-0.5767165281271489
3SGB_E_I;KI7V;-0.9418766951194562
3SGB_E_I;KI7T;-1.9218995071345186
3SGB_E_I;KI7P;0.0
3SGB_E_I;KI7L;-1.7920635658786879
3SGB_E_I;KI7I;-1.325921710952231
3SGB_E_I;KI7M;-1.150014446140275
3SGB_E_I;KI7N;-0.6503632890001206
3SGB_E_I;KI7D;-0.614712319808605
3SGB_E_I;KI7Q;-0.614712319808605
3SGB_E_I;KI7E;0.031758119854941216
3SGB_E_I;KI7H;-0.3958727524705465
3SGB_E_I;KI7F;-0.7154588213293731
3SGB_E_I;KI7R;-0.683054644748298
3SGB_E_I;KI7Y;-0.5767165281271489
3SGB_E_I;KI7W;-0.01320294712060771
1CHO_EFG_I;GI29A;-0.9187535510337174
1CHO_EFG_I;GI29S;-0.1356612853230948
1CHO_EFG_I;GI29C;2.50806001508424
1CHO_EFG_I;GI29V;0.6382173536030616
1CHO_EFG_I;GI29T;2.0474388532161347
1CHO_EFG_I;GI29P;0.3195860688588265
1CHO_EFG_I;GI29L;1.7263212453305066
1CHO_EFG_I;GI29I;2.334404026834469
1CHO_EFG_I;GI29M;1.613761213465424
1CHO_EFG_I;GI29N;0.9402425526695197
1CHO_EFG_I;GI29D;3.0656911858795364
1CHO_EFG_I;GI29K;1.5670582608199817
1CHO_EFG_I;GI29Q;2.350521064006142
1CHO_EFG_I;GI29E;2.5793930876066082
1CHO_EFG_I;GI29H;-0.9698577511425718
1CHO_EFG_I;GI29F;0.10074650152076815
1CHO_EFG_I;GI29R;1.7205082068721673
1CHO_EFG_I;GI29Y;-0.9698577511425718
1CHO_EFG_I;GI29W;1.0419230360757625
1PPF_E_I;GI32A;0.25400947517989203
1PPF_E_I;GI32S;0.9027287454169752
1PPF_E_I;GI32C;1.16269195590902
1PPF_E_I;GI32V;2.5127031898432746
1PPF_E_I;GI32T;2.773253383796047
1PPF_E_I;GI32P;0.26015316514985015
1PPF_E_I;GI32L;3.08633223638395
1PPF_E_I;GI32I;4.311461974288622
1PPF_E_I;GI32M;2.1647787358139565
1PPF_E_I;GI32N;1.5914808178008306
1PPF_E_I;GI32D;2.462329370098254
1PPF_E_I;GI32K;3.260246551210971
1PPF_E_I;GI32Q;2.7607565319962437
1PPF_E_I;GI32E;1.4372706822530494
1PPF_E_I;GI32H;1.4840320759073868
1PPF_E_I;GI32F;1.4611191178070104
1PPF_E_I;GI32R;4.781497932955724
1PPF_E_I;GI32Y;1.1865403914629808
1PPF_E_I;GI32W;1.6210960162738828
1R0R_E_I;GI27A;1.2962895349686545
1R0R_E_I;GI27S;0.8990843016924273
1R0R_E_I;GI27C;1.4001406877808145
1R0R_E_I;GI27V;1.9302546311513002
1R0R_E_I;GI27T;1.6554126745429147
1R0R_E_I;GI27P;1.0650137263177393
1R0R_E_I;GI27L;2.37718195873284
1R0R_E_I;GI27I;1.9536061074740214
1R0R_E_I;GI27M;2.1265603472370915
1R0R_E_I;GI27N;1.2643275745614537
1R0R_E_I;GI27D;2.8479049090928372
1R0R_E_I;GI27K;2.8945495667002414
1R0R_E_I;GI27Q;2.0046139418747932
1R0R_E_I;GI27E;1.9536061074740214
1R0R_E_I;GI27H;2.1619775874617235
1R0R_E_I;GI27F;0.11342702021851404
1R0R_E_I;GI27R;3.4228044960592245
1R0R_E_I;GI27Y;0.47858718721082133
1R0R_E_I;GI27W;1.3817679300843597
3SGB_E_I;GI26A;1.275479687518382
3SGB_E_I;GI26S;1.585312578850013
3SGB_E_I;GI26C;2.5753047953462884
3SGB_E_I;GI26V;2.787950224448287
3SGB_E_I;GI26T;2.994954274550863
3SGB_E_I;GI26P;1.0815968229835617
3SGB_E_I;GI26L;2.6211483482070657
3SGB_E_I;GI26I;4.035548937022108
3SGB_E_I;GI26M;2.7609571932233488
3SGB_E_I;GI26N;2.24348537114342
3SGB_E_I;GI26D;1.6023708869285915
3SGB_E_I;GI26K;2.4898673631377473
3SGB_E_I;GI26Q;2.9151496893548856
3SGB_E_I;GI26E;1.945291938212314
3SGB_E_I;GI26H;2.700075968994508
3SGB_E_I;GI26F;2.980245221684138
3SGB_E_I;GI26R;3.45883240889496
3SGB_E_I;GI26Y;3.0530154549434165
3SGB_E_I;GI26W;3.857609343527648
1CHO_EFG_I;NI33G;-1.3747981774804214
1CHO_EFG_I;NI33A;-1.3451829790073693
1CHO_EFG_I;NI33S;-1.4561558494155005
1CHO_EFG_I;NI33C;-0.11097287040813099
1CHO_EFG_I;NI33V;0.03240417658107513
1CHO_EFG_I;NI33T;-1.2800874466781171
1CHO_EFG_I;NI33P;-1.8084758172311322
1CHO_EFG_I;NI33L;0.6082924483307904
1CHO_EFG_I;NI33I;-0.029615198473052086
1CHO_EFG_I;NI33M;-0.20552246328500814
1CHO_EFG_I;NI33D;-1.025596910148543
1CHO_EFG_I;NI33K;2.300771400179386
1CHO_EFG_I;NI33Q;-0.18230594293049918
1CHO_EFG_I;NI33E;2.300771400179386
1CHO_EFG_I;NI33H;-0.7252448517976341
1CHO_EFG_I;NI33F;2.334404026834469
1CHO_EFG_I;NI33R;1.5670582608199817
1CHO_EFG_I;NI33Y;2.5303890595478666
1CHO_EFG_I;NI33W;2.1483615913103935
1PPF_E_I;NI36G;-0.5635830138822384
1PPF_E_I;NI36A;-1.622618461874907
1PPF_E_I;NI36S;-1.3276379503571847
1PPF_E_I;NI36C;0.5961414432378054
1PPF_E_I;NI36V;0.3410085695957657
1PPF_E_I;NI36T;0.5451921782812681
1PPF_E_I;NI36P;-2.918402545931224
1PPF_E_I;NI36L;2.610317064100982
1PPF_E_I;NI36I;0.8593760161521296
1PPF_E_I;NI36M;1.067635170519349
1PPF_E_I;NI36D;-3.035109404558919
1PPF_E_I;NI36K;2.5852758502955626
1PPF_E_I;NI36Q;0.37759352067275614
1PPF_E_I;NI36E;-1.0041744094116036
1PPF_E_I;NI36H;-0.5255872222007825
1PPF_E_I;NI36F;1.8205139793267244
1PPF_E_I;NI36R;1.8437304996812331
1PPF_E_I;NI36Y;1.6535001928549578
1PPF_E_I;NI36W;1.70090060146986
1R0R_E_I;NI31G;0.28149248212268413
1R0R_E_I;NI31A;-0.032691355748177296
1R0R_E_I;NI31S;0.47858718721082133
1R0R_E_I;NI31C;0.5617201758212095
1R0R_E_I;NI31V;0.6594309628674239
1R0R_E_I;NI31T;0.5617201758212095
1R0R_E_I;NI31P;1.4586099992258836
1R0R_E_I;NI31L;1.5250509745490946
1R0R_E_I;NI31I;0.3102296955355452
1R0R_E_I;NI31M;0.3102296955355452
1R0R_E_I;NI31D;0.5617201758212095
1R0R_E_I;NI31K;1.131679352881916
1R0R_E_I;NI31Q;-0.27061799561426064
1R0R_E_I;NI31E;-0.2021594726957482
1R0R_E_I;NI31H;0.28149248212268413
1R0R_E_I;NI31F;-0.177412950039583
1R0R_E_I;NI31R;1.4386352143511094
1R0R_E_I;NI31Y;0.17986799554172483
1R0R_E_I;NI31W;0.054957708773445045
3SGB_E_I;NI30G;0.3074948357652935
3SGB_E_I;NI30A;0.3264642147463896
3SGB_E_I;NI30S;0.40330628388791323
3SGB_E_I;NI30C;0.3448369724428442
3SGB_E_I;NI30V;-0.2385091068836161
3SGB_E_I;NI30T;0.00971001097976889
3SGB_E_I;NI30P;0.5713717457920834
3SGB_E_I;NI30L;0.7304706591987645
3SGB_E_I;NI30I;0.19516853286709462
3SGB_E_I;NI30M;0.13878632971812171
3SGB_E_I;NI30D;0.898302392136051
3SGB_E_I;NI30K;0.5713717457920834
3SGB_E_I;NI30Q;0.24012959984264348
3SGB_E_I;NI30E;0.9493102265368231
3SGB_E_I;NI30H;-0.12306410350166401
3SGB_E_I;NI30F;-0.13940658297797517
3SGB_E_I;NI30R;0.5713717457920834
3SGB_E_I;NI30Y;-0.10716637299858266
3SGB_E_I;NI30W;0.5187512872698654
1CHO_EFG_I;TI14K,LI15R;7.299867574037366
1CHO_EFG_I;TI14R,LI15R;7.113618579053995
1CHO_EFG_I;AI12R,LI15R;4.873307992186322
1CHO_EFG_I;AI12R,TI14K,LI15R;7.860449913978114
1CHO_EFG_I;AI12R,TI14P,LI15R;8.779546590058565
1CHO_EFG_I;PI11S,AI12R,TI14P,LI15R;8.352780611366088
1CHO_EFG_I;KI10R,AI12R,TI14K,LI15R;7.915399123073919
1CHO_EFG_I;KI10R,PI11F,AI12R,TI14K,LI15R;7.985260301035831
1CHO_EFG_I;PI11S,AI12L,TI14K,LI15R;7.196024902191904
1CHO_EFG_I;AI12R,TI14K,LI15R,EI16S;8.276072800598467
1PPF_E_I;AI15R,LI18R;7.225799781143886
1R0R_E_I;TI12K,LI13R;5.186306845644663
1R0R_E_I;TI12R,LI13R;6.405707686251687
1R0R_E_I;AI10R,LI13R;7.630341157926706
1R0R_E_I;AI10R,TI12K,LI13R;9.171455304051666
1R0R_E_I;PI9S,AI10L,TI12K,LI13R;4.8246607075627646
3SGB_E_I;TI11K,LI12R;5.233409658404046
3SGB_E_I;TI11R,LI12R;5.474795884984017
3SGB_E_I;AI9R,LI12R;5.07687403473351
3SGB_E_I;AI9R,TI11K,LI12R;6.685860202207754
3SGB_E_I;AI9R,TI11P,LI12R;8.448668187934821
3SGB_E_I;PI8S,AI9R,TI11P,LI12R;8.102752478017406
3SGB_E_I;KI7R,AI9R,TI11K,LI12R;5.515301597325154
3SGB_E_I;KI7R,PI8F,AI9R,TI11K,LI12R;5.656189808145046
3SGB_E_I;AI9R,TI11K,LI12R,RI15L;6.88511515579494
3SGB_E_I;PI8S,AI9L,TI11K,LI12R;4.905572564174685
3SGB_E_I;AI9R,TI11K,LI12R,EI13S;7.094557590335416
1DAN_HL_UT;EU114A;-0.004826057028437398
1DAN_HL_UT;TU109A;0.1352034904535798
1DAN_HL_UT;KU107A,DU110A;0.04264609178257543
1DAN_HL_UT;NU105A,RU106A;0.39978009123302655
1DAN_HL_UT;TU103A,VU104A;-0.14895416668430053
1DAN_HL_UT;SU101A;-0.002890911777800817
1DAN_HL_UT;SU101A,RU102A;0.6382443152081999
1DAN_HL_UT;YU91A;-0.329698811946302
1DAN_HL_UT;EU89A,NU90A;-0.09352819543276207
1DAN_HL_UT;KU87A;0.017055211808622642
1DAN_HL_UT;LU82A;0.07991166844491594
1DAN_HL_UT;NU79A,EU80A;-0.02453349714598673
1DAN_HL_UT;TU78A;-0.0255362982657373
1DAN_HL_UT;KU75A;0.11655143128923462
1DAN_HL_UT;TU73A;0.2118789862500675
1DAN_HL_UT;KU71A,KU72A;-0.23961730361132993
1DAN_HL_UT;GU70R;-0.16271126507705388
1DAN_HL_UT;SU69A;0.02263284098694139
1DAN_HL_UT;WU68F;0.12283429043907083
1DAN_HL_UT;YU66L;0.1558763815502926
1DAN_HL_UT;IU62A;0.1787041646641776
1DAN_HL_UT;KU59A,DU60A;-0.10146147665214932
1DAN_HL_UT;DU55A;-0.010669728660440142
1DAN_HL_UT;RU54A;-0.002890911777800817
1DAN_HL_UT;TU49A;-0.016077770551155727
1DAN_HL_UT;RU46A,NU47A,NU48A;0.20647731668665514
1DAN_HL_UT;LU43A;-0.027547009602431324
1DAN_HL_UT;EU40A,RU41F;-0.021535243045822893
1DAN_HL_UT;DU39A;-0.026540800490831934
1DAN_HL_UT;EU38A;0.08576221347923568
1DAN_HL_UT;KU32A;-0.12236437625506646
1DAN_HL_UT;QU24A,EU27A;0.03363292051770349
1DAN_HL_UT;NU17A,QU20A;0.4142825447282449
1DAN_HL_UT;LU14A,EU15A;-0.46267348001371544
1DAN_HL_UT;EU9A;-0.17550126379338432
1DAN_HL_UT;KT63A;-0.07034679675464552
1DAN_HL_UT;KT63A,QT64A;-0.20601090081243226
1DAN_HL_UT;KT60A,DT61A;-0.5039780153262288
1DAN_HL_UT;DT56A,ET57A;0.3044068587260634
1DAN_HL_UT;DT53E;1.3796052659694944
1DAN_HL_UT;DT53A;1.9884960629387247
1DAN_HL_UT;DT49A,ET51A;0.43308266088040803
1DAN_HL_UT;TT47A;0.40465381355775276
1DAN_HL_UT;FT45A;0.43769088584678073
1DAN_HL_UT;KT41A,KT43A;1.135282853464891
1DAN_HL_UT;WT40F;1.2699565928128027
1DAN_HL_UT;ST37A;-0.0692652367832937
1DAN_HL_UT;KT36A;0.32140766045917696
1DAN_HL_UT;KT36A,DT39A;1.5706400144735684
1DAN_HL_UT;KT23A;0.11655143128923462
1DAN_HL_UT;ET21A;0.10135691165475819
1DAN_HL_UT;WT20F;0.6148887389745011
1DAN_HL_UT;ET19A;0.6575553934420233
1DAN_HL_UT;IT17A;0.6447515666231832
1DAN_HL_UT;TT16A;-0.15892752108681305
1DAN_HL_UT;KT15R;1.6848924487047419
1DAN_HL_UT;NT13A;0.18012419872526628
1DAN_HL_UT;TT12A;0.12048602330466895
1DAN_HL_UT;KT10A;-0.3971424302139503
1DAN_HL_UT;WT9F;0.6914019722408448
1SMF_E_I;EI8A;1.0190937388924375
1SMF_E_I;SI4A;1.9117608084915043
1SMF_E_I;TI2A;2.0587473749885405
1SMF_E_I;II5A;3.533207192632743
1FY8_E_I;DE168N;0.17035206682803622
1FY8_E_I;QE128K;1.1707846382719458
3TGK_E_I;NE170D;-0.17035206682803625
1F5R_A_I;KA129Q;-1.1707846382719458
3BTD_E_I;DI13K;-11.381189815711442
3BTE_E_I;EI13K;-9.324441184036544
3BTF_E_I;FI13K;-6.952966976747845
3BTG_E_I;GI13K;-12.221723141911879
3BTH_E_I;HI13K;-8.689000456471591
3BTM_E_I;MI13K;-7.611102390346371
3BTQ_E_I;QI13K;-9.27164174436289
3BTW_E_I;WI13K;-8.572581166725216
3BTT_E_I;TI13K;-10.4855197758984
2SGP_E_I;PI13L;-8.32828578196544
1CSO_E_I;II13L;-4.418880436035248
1CT0_E_I;SI13L;-4.100355769895383
1CT2_E_I;TI13L;-3.160113217225863
1CT4_E_I;VI13L;-2.994954274550863
2SGQ_E_I;QI13L;-2.567301854513075
1SGD_E_I;DI13L;-5.589755775252962
1SGE_E_I;EI13L;-5.899483203299344
1SGN_E_I;NI13L;-3.35249429227381
1SGP_E_I;AI13L;-2.9475538659359612
1SGQ_E_I;GI13L;-4.933851329158159
1SGY_E_I;YI13L;-1.652677814772663
2NU0_E_I;WI13L;-1.8392458513622711
2NU1_E_I;HI13L;-1.6900199514502139
2NU2_E_I;RI13L;-3.3200901156927354
2NU4_E_I;KI13L;-3.1377841727622364
2J12_A_B;SA116A;0.9530349683520981
2J1K_C_T;RC155A;0.051524127942387976
2J1K_C_T;GC10D;0.1836594565075527
2J1K_C_T;RC24A;0.7644613432290556
1KAC_A_B;PA15S;-0.792981490141206
1KAC_A_B;SA87Y;-1.252128922253882
1P69_A_B;SA15P;0.39649074507060295
1P6A_A_B;YA87S;0.626064461126941
2VLR_ABC_DE;AE95S;0.023458540902275796
2VLJ_ABC_DE;DE28A;1.5724093481802726
2VLJ_ABC_DE;IE49V;0.20086791973988474
2VLJ_ABC_DE;IE49L;1.4178489883933083
2VLJ_ABC_DE;NE51A;1.1290536231086683
2VLJ_ABC_DE;NE51D;0.4951875453668199
2VLJ_ABC_DE;DE52A;0.13213532856516463
2VLJ_ABC_DE;QE54A;0.4951875453668199
2VLJ_ABC_DE;QE54E;0.0
2VLJ_ABC_DE;SE95A;-0.035187811353413735
2VLJ_ABC_DE;YE97A;0.23245695131444816
2VLJ_ABC_DE;YE97F;0.4951875453668199
2VLJ_ABC_DE;SD29A;0.6273228739319847
2VLJ_ABC_DE;SD30A;1.0377726938254515
2VLJ_ABC_DE;QD32A;0.9753830514976808
1CHO_EFG_I;EI7D,AI12V,TI14P,EI16D,RI18M,NI25S,GI29S,NI42S,SI48R;7.231601822895465
1CHO_EFG_I;TI14P,LI15K,EI16D,LI20V,SI48N,HI49R;6.9044374475846135
1CHO_EFG_I;TI14P,LI15K,EI16D,LI20V,SI48N;7.045500963895675
1CHO_EFG_I;TI14P,LI15K,EI16D,LI20V,GI29S,SI48N;7.418068980753721
1CHO_EFG_I;EI7G,KI10Q,PI11S,TI14P,LI15Q,EI16D,RI18V,LI20F,GI29S,VI39A,EI40D;7.400834529033959
1CHO_EFG_I;EI7D,YI8H,AI12V,TI14S,RI18M,NI25S,GI29S,NI33D;4.804012057587201
1CHO_EFG_I;EI7D,AI12V,TI14S,RI18M,NI25S,GI29N,NI33D,SI48G;4.304127171480163
1CHO_EFG_I;EI7D,AI12V,TI14S,RI18M,NI25S,GI29S,EI40D;5.380731916029479
1CHO_EFG_I;VI3I,EI7D,AI12V,TI14S,RI18M,NI25S,GI29S,EI40D,TI46I;5.351116717556425
1CHO_EFG_I;EI7D,AI12V,TI14S,RI18M,NI25S,GI29S,VI39A,EI40D;4.917439077805715
1CHO_EFG_I;EI7D,RI18M,KI26Q,GI29S,NI33S,EI40D;1.2868305671214564
1CHO_EFG_I;RI18M,KI26Q,GI29S,EI40D;2.9589441924727935
1CHO_EFG_I;EI7D,RI18M,EI40D;2.50806001508424
1CHO_EFG_I;EI7D,KI10R,AI12D,RI18M,EI40D;2.3871060150831322
1CHO_EFG_I;EI7D,RI18M,KI31R,EI40D;2.4232912972654206
1CHO_EFG_I;EI7G,LI15M,RI18M,EI40D;2.6607507595416866
1CHO_EFG_I;EI7D,LI15M,RI18M,EI40D;2.6903659580147394
1CHO_EFG_I;EI7D,LI15V,RI18M,GI29D,EI40D;9.386665654578534
1CHO_EFG_I;EI7D,LI15V,RI18M,EI40D;6.520392431751839
1CHO_EFG_I;EI7D,TI14R,LI15M,RI18M,EI40D;6.441027709801695
1CHO_EFG_I;EI7G,LI15M,RI18M,EI40D,KI52E;1.8647252332223763
1CHO_EFG_I;DI4N,EI7G,LI15M,RI18M,EI40D,KI52E;1.8871113262232229
1CHO_EFG_I;EI7D,AI12V,TI14S,RI18M,NI25S,GI29S,NI33D,EI40D,TI46N;4.214071489569875
1CHO_EFG_I;EI7D,AI12V,TI14S,RI18M,NI25S,GI29S,NI33D,EI40D;4.3551350058809355
1CHO_EFG_I;EI7D,AI12V,TI14S,RI18M,NI25S,GI29S,NI33D,VI38F,EI40D,TI46S;4.174291230224332
1CHO_EFG_I;AI12V,TI14S,RI18M,NI25S,KI26Q,GI29S,KI31E,EI40D;6.543608952106348
1CHO_EFG_I;EI7D,YI8H,TI14L,LI15Q,YI17Q,RI18K,LI20I,GI29D,NI33S,EI40D;10.90020612526118
1CHO_EFG_I;EI7D,YI8H,TI14L,LI15Q,YI17Q,RI18K,GI29D,NI33S,EI40D;10.983339113871567
1CHO_EFG_I;LI15M,TI46N,KI52T;0.6462412115217002
1CHO_EFG_I;NI25S,GI29A;-0.848918925508533
1CHO_EFG_I;AI12D,GI29A;-0.8536879768489419
1CHO_EFG_I;AI12D,GI29A,NI30S;-0.029615198473052086
1CHO_EFG_I;TI14M,LI15S,GI29V;8.862932332917536
1CHO_EFG_I;RI18V,LI20I;2.1370174378806883
1CHO_EFG_I;LI15S,RI18V,LI20I;7.124153081002022
1CHO_EFG_I;NI25S;0.0
1CHO_EFG_I;LI15M,LI20V,KI26I,EI40K;1.0229536570946667
1CHO_EFG_I;AI12G,LI15M,LI20V,KI26I,EI40K;1.0987903203425122
1CHO_EFG_I;LI15M,NI33D,SI48N;-0.4756968189407957
1CHO_EFG_I;EI7D,KI10M,LI15M,LI20V;0.519542254215007
1CHO_EFG_I;EI7G,LI15M,YI17S,LI20I,KI26T,GI29S,HI49Y,FI50P,KI52V;2.7554614903439916
1CHO_EFG_I;AI12T,LI15M;0.9106273541964677
1CHO_EFG_I;LI15M,TI27S,GI29D;3.53159931183911
1CHO_EFG_I;AI12D,LI15A,YI17D;10.761463832058958
1CHO_EFG_I;LI15M,SI48N,HI49R,KI52Q;0.26857823445805457
1CHO_EFG_I;LI15M,HI49R;0.13874229320222406
1CHO_EFG_I;LI15M,HI49R,KI52E;-0.4345556248109019
1CHO_EFG_I;LI15M,SI48N;0.37532522786479766
1CHO_EFG_I;YI8H,YI17D,TI27I,GI29S,NI33D,VI39L;6.791010427366101
1CHO_EFG_I;LI15M,YI17Q;3.476416014552722
1CHO_EFG_I;LI15M,GI29D;3.3722405020679305
1CHO_EFG_I;LI15M,YI17H,KI26Q,GI29D;4.174291230224332
1CHO_EFG_I;EI7D,TI14L,RI18M,GI29D,NI33S,EI40D,TI46S;9.094051531138884
1CHO_EFG_I;AI12G,TI14M,LI15M,YI17R,RI18L,GI29N,NI30D,SI48N,KI52E;9.076435959042989
1CHO_EFG_I;EI7D,RI18M,LI20F,NI25S,GI29S,EI40D;2.632013546128826
1CHO_EFG_I;EI7G,KI10Q,TI14S,RI18V,LI20F,GI29S,NI33D,VI39A,EI40D;1.613761213465424
1CHO_EFG_I;EI7D,TI14S,EI16D,RI18M,NI25S,GI29S,EI40D,GI51E;7.553840029996036
1CHO_EFG_I;EI7D,AI12V,YI17E,RI18M,EI40D;7.715135942863947
1CHO_EFG_I;EI7D,AI12V,TI14S,RI18M,VI39A,EI40D;5.17520945274447
1CHO_EFG_I;DI4N,EI7D,AI12V,TI14S,EI16L,RI18M,VI39A,EI40D;6.369952963856578
1CHO_EFG_I;YI8H,EI16D,LI20I,NI25S,GI29S,NI33D,VI39M,EI40D;0.13874229320222406
1CHO_EFG_I;EI7D,AI12V,EI16D,RI18M,KI26T,GI29S,EI40D,LI45I;5.60260719784209
1CHO_EFG_I;EI7D,AI12V,TI14S,EI16D,RI18M,KI26T,GI29N,NI33I,EI40D,LI45I;7.506180549239495
1CHO_EFG_I;EI7D,KI10R,AI12V,EI16D,RI18M,GI29S,EI40D,LI45I,KI52R;4.960031617574965
1CHO_EFG_I;EI7D,AI12V,EI16D,RI18M,GI29S,EI40D,LI45I,KI52R;5.44582744835873
1CHO_EFG_I;AI12D,LI15A;4.76071776933125
1CHO_EFG_I;TI14P,LI15K,GI29D;9.791606080916385
1CHO_EFG_I;TI14P,LI15K;8.249620426591983
1CHO_EFG_I;EI7D,LI15M,RI18M,GI29D,EI40D;5.559254468577245
1CHO_EFG_I;EI7D,LI15F,RI18M,EI40D;1.0229536570946667
1CHO_EFG_I;AI12V,TI14S;3.559852118081313
1R0R_E_I;EI5D,AI10V,TI12P,EI14D,RI16M,NI23S,GI27S,NI40S,SI46R;4.871657884529542
1R0R_E_I;TI12P,LI13K,EI14D,LI18V,SI46N;7.441085016910242
1R0R_E_I;TI12P,LI13K,EI14D,LI18V,GI27S,SI46N;7.571446716904062
1R0R_E_I;EI5G,KI8Q,PI9S,TI12P,LI13Q,EI14D,RI16V,LI18F,GI27S,VI37A,EI38D;3.521705854181764
1R0R_E_I;EI5D,YI6H,AI10V,TI12S,RI16M,NI23S,GI27S,NI31D;0.33984489400859724
1R0R_E_I;AI10V,TI12S,LI13P,RI16M,NI23S,GI27N,NI31D,NI34S,SI46G;9.103096853769689
1R0R_E_I;EI5D,AI10V,TI12S,RI16M,NI23S,GI27N,NI31D,SI46G;0.47858718721082133
1R0R_E_I;EI5D,AI10V,TI12S,RI16M,NI23S,GI27S,EI38D;0.20418360868550245
1R0R_E_I;VI1I,EI5D,AI10V,TI12S,RI16M,NI23S,GI27S,EI38D,TI44I;0.28149248212268413
1R0R_E_I;EI5D,AI10V,TI12S,RI16M,NI23S,GI27S,VI37A,EI38D;-0.04974966382675567
1R0R_E_I;EI5D,RI16M,KI24Q,GI27S,NI31S,EI38D;0.6594309628674239
1R0R_E_I;RI16M,KI24Q,GI27S,EI38D;1.0962621126572838
1R0R_E_I;EI5D,RI16M,EI38D;0.4049404263378497
1R0R_E_I;EI5D,KI8R,AI10D,RI16M,EI38D;5.690961611565022
1R0R_E_I;EI5D,RI16M,KI29R,EI38D;-0.08085540444591557
1R0R_E_I;EI5G,LI13M,RI16M,EI38D;-0.23687496443367986
1R0R_E_I;EI5D,LI13M,RI16M,EI38D;-0.23687496443367986
1R0R_E_I;EI5D,LI13V,RI16M,GI27D,EI38D;4.597269112843318
1R0R_E_I;EI5D,LI13V,RI16M,EI38D;2.3493573884189733
1R0R_E_I;EI5D,TI12R,LI13M,RI16M,EI38D;3.3497969208821625
1R0R_E_I;EI5G,LI13M,RI16M,EI38D,KI50E;-0.6857520161399457
1R0R_E_I;DI2N,EI5G,LI13M,RI16M,EI38D,KI50E;-1.0349532834718242
1R0R_E_I;EI5D,AI10V,TI12S,YI15D,RI16M,NI23S,GI27S,EI38D;5.257283971814313
1R0R_E_I;EI5D,AI10V,TI12S,RI16M,NI23S,GI27S,NI31D,EI38D,TI44N;0.0727702332592785
1R0R_E_I;EI5D,AI10V,TI12S,RI16M,NI23S,GI27S,NI31D,EI38D;0.11342702021851404
1R0R_E_I;EI5D,AI10V,TI12S,RI16M,NI23S,GI27S,NI31D,VI36F,EI38D,TI44S;0.03658495107699036
1R0R_E_I;AI10V,TI12S,RI16M,NI23S,KI24Q,GI27S,KI29E,EI38D;1.3817679300843597
1R0R_E_I;LI13M,TI44N,KI50T;-0.8268155324510056
1R0R_E_I;NI23S,GI27A;1.2362803225048744
1R0R_E_I;AI10D,GI27A;5.821323311558843
1R0R_E_I;AI10D,GI27A,NI28S;5.75298098661915
1R0R_E_I;TI12M,LI13S,GI27V;2.9718584401374235
1R0R_E_I;RI16V,LI18I;-0.016117037171672666
1R0R_E_I;LI13S,RI16V,LI18I;1.8635504255637336
1R0R_E_I;NI23S;-0.06509553232925251
1R0R_E_I;LI13M,LI18V,KI24I,EI38K;-0.8268155324510056
1R0R_E_I;AI10G,LI13M,LI18V,KI24I,EI38K;1.0217194380617887
1R0R_E_I;LI13M,NI31D,SI46N;-0.30308221079000686
1R0R_E_I;EI5D,KI8M,LI13M,LI18V;-1.7305829367964063
1R0R_E_I;EI5G,LI13M,YI15S,LI18I,KI24T,GI27S,HI47Y,FI48P,KI50V;3.298789086481391
1R0R_E_I;AI10T,LI13M;0.25513287364203974
1R0R_E_I;LI13M,TI25S,GI27D;2.1160338364110194
1R0R_E_I;LI13I,GI27D;5.2296389820782005
1R0R_E_I;AI10D,LI13A,YI15D;8.820309015140834
1R0R_E_I;LI13M,SI46N,HI47R,KI50Q;-0.6300128571339747
1R0R_E_I;LI13M,HI47R;-0.31318399928189894
1R0R_E_I;LI13M,HI47R,KI50E;-0.904591583478004
1R0R_E_I;LI13M,SI46N;-0.49037785854639077
1R0R_E_I;LI13M,YI15Q;3.5894502597071662
1R0R_E_I;LI13M,GI27D;2.3599475070130795
1R0R_E_I;EI5D,TI12L,RI16M,GI27D,NI31S,EI38D,TI44S;3.764930941407848
1R0R_E_I;EI5D,RI16M,LI18F,NI23S,GI27S,EI38D;1.2800874466781171
1R0R_E_I;EI5G,KI8Q,TI12S,RI16V,LI18F,GI27S,NI31D,VI37A,EI38D;0.0
1R0R_E_I;EI5D,TI12S,EI14D,RI16M,NI23S,GI27S,EI38D,GI49E;1.2800874466781171
1R0R_E_I;EI5D,AI10V,YI15E,RI16M,EI38D;2.8246883887383283
1R0R_E_I;EI5D,AI10V,TI12S,RI16M,VI37A,EI38D;-1.140999370321867
1R0R_E_I;DI2N,EI5D,AI10V,TI12S,EI14L,RI16M,VI37A,EI38D;-0.904591583478004
1R0R_E_I;EI5D,AI10V,YI15D,RI16M,KI24I,GI27H,NI31Y,VI37A,EI38H,LI45F;5.609603939629944
1R0R_E_I;EI5D,KI8Q,AI10V,TI12M,LI13G,EI14D,RI16M,NI23S,GI27S,EI38D,SI46N;3.0626150286044114
1R0R_E_I;YI6H,EI14D,LI18I,NI23S,GI27S,NI31D,VI37M,EI38D;0.7708508574036502
1R0R_E_I;EI5D,AI10V,EI14D,RI16M,KI24T,GI27S,EI38D,LI43I;-0.177412950039583
1R0R_E_I;EI5D,AI10V,TI12S,EI14D,RI16M,KI24T,GI27N,NI31I,EI38D,LI43I;1.7501234053452193
1R0R_E_I;EI5D,KI8R,AI10V,EI14D,RI16M,GI27S,EI38D,LI43I,KI50R;-0.4049404263378497
1R0R_E_I;EI5D,AI10V,EI14D,RI16M,GI27S,EI38D,LI43I,KI50R;-0.23687496443367986
1R0R_E_I;AI10D,LI13A;5.453502149288756
1R0R_E_I;EI5D,LI13M,RI16M,GI27D,EI38D;2.0046139418747932
1R0R_E_I;EI5D,LI13F,RI16M,EI38D;1.1201105482112448
1R0R_E_I;AI10V,TI12S;0.09345223534373995
3SGB_E_I;EI4D,AI9V,TI11P,EI13D,RI15M,NI22S,GI26S,NI39S,SI45R;2.5035070226443605
3SGB_E_I;TI11P,LI12K,EI13D,LI17V,SI45N,HI46R;4.766019596220874
3SGB_E_I;TI11P,LI12K,EI13D,LI17V,SI45N;4.843795647247872
3SGB_E_I;TI11P,LI12K,EI13D,LI17V,GI26S,SI45N;4.984859163558931
3SGB_E_I;EI4G,KI7Q,PI8S,TI11P,LI12Q,EI13D,RI15V,LI17F,GI26S,VI36A,EI37D;4.17433526674023
3SGB_E_I;EI4D,YI5H,AI9V,TI11S,RI15M,NI22S,GI26S,NI30D;3.9552032660915892
3SGB_E_I;EI4D,AI9V,TI11S,RI15M,NI22S,GI26N,NI30D,SI45G;3.839632369907742
3SGB_E_I;EI4D,AI9V,TI11S,RI15M,NI22S,GI26S,EI37D;3.160113217225863
3SGB_E_I;EI4D,AI9V,TI11S,RI15M,NI22S,GI26S,EI37D,TI43I;2.964128184512466
3SGB_E_I;EI4D,AI9V,TI11S,RI15M,NI22S,GI26S,VI36A,EI37D;2.583199585016156
3SGB_E_I;EI4D,RI15M,KI23Q,GI26S,NI30S,EI37D;1.6716471937537591
3SGB_E_I;RI15M,KI23Q,GI26S,EI37D;2.075653638206134
3SGB_E_I;EI4D,RI15M,EI37D;0.07637563754394563
3SGB_E_I;EI4D,KI7R,AI9D,RI15M,EI37D;-0.28445285793432007
3SGB_E_I;EI4D,RI15M,KI28R,EI37D;-0.13940658297797517
3SGB_E_I;EI4G,LI12M,RI15M,EI37D;0.898302392136051
3SGB_E_I;EI4D,LI12M,RI15M,EI37D;0.46974725921112404
3SGB_E_I;EI4D,LI12V,RI15M,GI26D,EI37D;3.9736339916138657
3SGB_E_I;EI4D,LI12V,RI15M,EI37D;2.994954274550863
3SGB_E_I;EI4D,TI11R,LI12M,RI15M,EI37D;2.3588665726357085
3SGB_E_I;EI4G,LI12M,RI15M,EI37D,KI49E;0.18097660716690414
3SGB_E_I;DI1N,EI4G,LI12M,RI15M,EI37D,KI49E;0.0192612680551386
3SGB_E_I;EI4D,AI9V,TI11S,YI14D,RI15M,NI22S,GI26S,EI37D;4.8040153879023295
3SGB_E_I;EI4D,AI9V,TI11S,RI15M,NI22S,GI26S,NI30D,EI37D,TI43N;3.2904749172196834
3SGB_E_I;EI4D,AI9V,TI11S,RI15M,NI22S,GI26S,NI30D,EI37D;3.3200901156927354
3SGB_E_I;EI4D,AI9V,TI11S,RI15M,NI22S,GI26S,NI30D,VI35F,EI37D,TI43S;3.2617377038068223
3SGB_E_I;AI9V,TI11S,RI15M,NI22S,KI23Q,GI26S,KI28E,EI37D;4.418880436035248
3SGB_E_I;EI4D,YI5H,TI11L,LI12Q,YI14Q,RI15K,LI17I,GI26D,NI30S,EI37D;7.326023854241792
3SGB_E_I;EI4D,YI5H,TI11L,LI12Q,YI14Q,RI15K,GI26D,NI30S,EI37D;7.355639052714844
3SGB_E_I;LI12M,TI43N,KI49T;0.2737622264977266
3SGB_E_I;NI22S,GI26A;1.3115987017311879
3SGB_E_I;AI9D,GI26A;1.0660170851645179
3SGB_E_I;AI9D,GI26A,NI27S;2.1534296892331324
3SGB_E_I;TI11M,LI12S,GI26V;6.813634686010499
3SGB_E_I;RI15V,LI17I;0.16643131945423364
3SGB_E_I;LI12S,RI15V,LI17I;4.418880436035248
3SGB_E_I;NI22S;0.00971001097976889
3SGB_E_I;LI12M,LI17V,KI23I,EI37K;0.808246710225763
3SGB_E_I;AI9G,LI12M,LI17V,KI23I,EI37K;3.18442883036964
3SGB_E_I;LI12M,NI30D,SI45N;1.0815968229835617
3SGB_E_I;EI4D,KI7M,LI12M,LI17V;0.07637563754394563
3SGB_E_I;EI4G,LI12M,YI14S,LI17I,KI23T,GI26S,HI46Y,FI47P,KI49V;3.6396761845515617
3SGB_E_I;AI9T,LI12M;0.46974725921112404
3SGB_E_I;LI12M,TI24S,GI26D;2.2944932055441924
3SGB_E_I;LI12I,GI26D;5.764063415042617
3SGB_E_I;AI9D,LI12A,YI14D;5.6882267517947716
3SGB_E_I;LI12M,SI45N,HI46R,KI49Q;0.2247837313401467
3SGB_E_I;LI12M,HI46R;0.49406287235490154
3SGB_E_I;LI12M,HI46R,KI49E;-0.11506116266845054
3SGB_E_I;LI12M,SI45N;0.4474182147474973
3SGB_E_I;YI5H,YI14D,TI24I,GI26S,NI30D,VI36L;5.534759254766678
3SGB_E_I;LI12M,YI14Q;3.72391882800351
3SGB_E_I;LI12M,GI26D;2.24348537114342
3SGB_E_I;EI4D,TI11L,RI15M,GI26D,NI30S,EI37D,TI43S;3.7183283016579094
3SGB_E_I;AI9G,TI11M,LI12M,YI14R,RI15L,GI26N,NI27D,SI45N,KI49E;7.897567399930697
3SGB_E_I;EI4D,RI15M,LI17F,NI22S,GI26S,EI37D;1.585312578850013
3SGB_E_I;EI4G,KI7Q,TI11S,RI15V,LI17F,GI26S,NI30D,VI36A,EI37D;3.1377841727622364
3SGB_E_I;EI4D,TI11S,EI13D,RI15M,NI22S,GI26S,EI37D,GI48E;4.606920682814192
3SGB_E_I;EI4D,AI9V,YI14E,RI15M,EI37D;1.6900199514502139
3SGB_E_I;EI4D,AI9V,TI11S,RI15M,VI36A,EI37D;1.4839693087254913
3SGB_E_I;DI1N,EI4D,AI9V,TI11S,EI13L,RI15M,VI36A,EI37D;2.6024820464305662
3SGB_E_I;EI4D,AI9V,YI14D,RI15M,KI23I,GI26H,NI30Y,VI36A,EI37H,LI44F;2.2944932055441924
3SGB_E_I;EI4D,KI7Q,AI9V,TI11M,LI12G,EI13D,RI15M,NI22S,GI26S,EI37D,SI45N;5.743381412958155
3SGB_E_I;YI5H,EI13D,LI17I,NI22S,GI26S,NI30D,VI36M,EI37D;2.2944932055441924
3SGB_E_I;EI4D,AI9V,EI13D,RI15M,KI23T,GI26S,EI37D,LI42I;1.1803721525121633
3SGB_E_I;EI4D,AI9V,TI11S,EI13D,RI15M,KI23T,GI26N,NI30I,EI37D,LI42I;4.201980256476342
3SGB_E_I;EI4D,KI7R,AI9V,EI13D,RI15M,GI26S,EI37D,LI42I,KI49R;-0.08034567093051902
3SGB_E_I;EI4D,AI9V,EI13D,RI15M,GI26S,EI37D,LI42I,KI49R;1.0712566318991212
3SGB_E_I;AI9D,LI12A;2.583199585016156
3SGB_E_I;TI11P,LI12K,GI26D;6.451988547928599
3SGB_E_I;TI11P,LI12K;6.2323313555200865
3SGB_E_I;EI4D,LI12M,RI15M,GI26D,EI37D;1.945291938212314
3SGB_E_I;EI4D,LI12F,RI15M,EI37D;0.7684664508802206
3SGB_E_I;AI9V,TI11S;1.585312578850013
1PPF_E_I;EI10D,AI15V,TI17P,EI19D,RI21M,NI28S,GI32S,NI45S,SI51R;3.2865074012525444
1PPF_E_I;EI10G,KI13Q,PI14S,TI17P,LI18Q,EI19D,RI21V,LI23F,GI32S,VI42A,EI43D;5.95061250922571
1PPF_E_I;EI10D,YI11H,AI15V,TI17S,RI21M,NI28S,GI32S,NI36D;0.29125890576901003
1PPF_E_I;AI15V,TI17S,LI18P,RI21M,NI28S,GI32N,NI36D,NI39S,SI51G;7.271107073318116
1PPF_E_I;EI10D,AI15V,TI17S,RI21M,NI28S,GI32N,NI36D,SI51G;1.0004395324631894
1PPF_E_I;EI10D,AI15V,TI17S,RI21M,NI28S,GI32S,EI43D;2.0584406191928077
1PPF_E_I;VI6I,EI10D,AI15V,TI17S,RI21M,NI28S,GI32S,EI43D,TI49I;1.941324422245175
1PPF_E_I;EI10D,AI15V,TI17S,RI21M,NI28S,GI32S,VI42A,EI43D;1.5914808178008306
1PPF_E_I;EI10D,RI21M,KI29Q,GI32S,NI36S,EI43D;-0.44245423359039426
1PPF_E_I;RI21M,KI29Q,GI32S,EI43D;0.07039057398150513
1PPF_E_I;EI10D,RI21M,EI43D;-0.7490415357695641
1PPF_E_I;EI10D,KI13R,AI15D,RI21M,EI43D;0.12750494347031222
1PPF_E_I;EI10D,LI18M,RI21M,EI43D;0.8195957568065869
1PPF_E_I;EI10D,LI18V,RI21M,GI32D,EI43D;1.3831093378131283
1PPF_E_I;EI10D,LI18V,RI21M,EI43D;0.0379263588057587
1PPF_E_I;EI10D,TI17R,LI18M,RI21M,EI43D;4.556425502159599
1PPF_E_I;EI10G,LI18M,RI21M,EI43D,KI55E;-0.010785639481876316
1PPF_E_I;DI7N,EI10G,LI18M,RI21M,EI43D,KI55E;0.0379263588057587
1PPF_E_I;EI10D,AI15V,TI17S,YI20D,RI21M,NI28S,GI32S,EI43D;7.377153160168159
1PPF_E_I;EI10D,AI15V,TI17S,RI21M,NI28S,GI32S,NI36D,EI43D;-0.029216365004152513
1PPF_E_I;AI15V,TI17S,RI21M,NI28S,KI29Q,GI32S,KI34E,EI43D;1.9150635722036016
1PPF_E_I;AI15D,GI32A;1.1428864814382518
1PPF_E_I;RI21V,LI23I;-0.28900428753820884
1PPF_E_I;LI18M,LI23V,KI29I,EI43K;1.3730075493212364
1PPF_E_I;AI15G,LI18M,LI23V,KI29I,EI43K;2.2479117244243447
1PPF_E_I;LI18M,NI36D,SI51N;-0.8466354583335056
1PPF_E_I;EI10D,KI13M,LI18M,LI23V;1.6053361441572196
1PPF_E_I;EI10G,LI18M,YI20S,LI23I,KI29T,GI32S,HI52Y,FI53P,KI55V;5.544327535585661
1PPF_E_I;AI15T,LI18M;-1.4719932665754636
1PPF_E_I;LI18M,TI30S,GI32D;4.118436362803416
1PPF_E_I;LI18I,GI32D;2.488069460445621
1PPF_E_I;AI15D,LI18A,YI20D;8.616290052325486
1PPF_E_I;LI18M,HI52R;1.4611191178070104
1PPF_E_I;LI18M,SI51N;1.2400928712881931
1PPF_E_I;LI18M,YI20Q;5.7583254367022345
1PPF_E_I;LI18M,GI32D;3.930458829302932
1PPF_E_I;EI10D,TI17L,RI21M,GI32D,NI36S,EI43D,TI49S;4.311461974288622
1PPF_E_I;EI10D,RI21M,LI23F,NI28S,GI32S,EI43D;0.45443558981427984
1PPF_E_I;EI10G,KI13Q,TI17S,RI21V,LI23F,GI32S,NI36D,VI42A,EI43D;0.4985475206738639
1PPF_E_I;EI10D,TI17S,EI19D,RI21M,NI28S,GI32S,EI43D,GI54E;3.235558136296007
1PPF_E_I;EI10D,AI15V,YI20E,RI21M,EI43D;6.436910607498638
1PPF_E_I;EI10D,AI15V,TI17S,RI21M,VI42A,EI43D;1.2094533495633577
1PPF_E_I;DI7N,EI10D,AI15V,TI17S,EI19L,RI21M,VI42A,EI43D;1.3831093378131283
1PPF_E_I;EI10D,AI15V,YI20D,RI21M,KI29I,GI32H,NI36Y,VI42A,EI43H,LI50F;4.855144693828695
1PPF_E_I;YI11H,EI19D,LI23I,NI28S,GI32S,NI36D,VI42M,EI43D;0.3248915324240931
1PPF_E_I;EI10D,AI15V,EI19D,RI21M,KI29T,GI32S,EI43D,LI48I;1.8903751572886376
1PPF_E_I;EI10D,AI15V,TI17S,EI19D,RI21M,KI29T,GI32N,NI36I,EI43D,LI48I;4.534096457695973
1PPF_E_I;EI10D,KI13R,AI15V,EI19D,RI21M,GI32S,EI43D,LI48I,KI55R;2.294614677069787
1PPF_E_I;EI10D,AI15V,EI19D,RI21M,GI32S,EI43D,LI48I,KI55R;2.451707158470111
1PPF_E_I;EI10D,LI18F,RI21M,EI43D;4.4899845268363885
1PPF_E_I;AI15V,TI17S;1.7411492573765803
1SBB_A_B;LB20T,VB26Y,YB91V;0.13213532856516463
1JCK_A_B;NB23A;2.0764220035322323
1JCK_A_B;GB102A;0.013014895764113103
1JCK_A_B;QB210A;2.0764220035322323
1AK4_A_D;PD90V;3.029456971884331
1AK4_A_D;LD83T,VD86P,HD87A,AD88M,ID91L,AD92P,MD96I;0.741828502242114
3BT1_A_U;RU135A;-0.021524350223399366
3BT1_A_U;KU137A;0.6416316350970355
3BT1_A_U;RU140A;0.5770691412246162
3BT1_A_U;HU141A;0.6440652916233409
3BT1_A_U;RU143A;0.6616504334201755
1AHW_AB_C;TC110A,KC111A;0.6388213695852235
1AHW_AB_C;IC141Q,TC143I,YC145T;3.9754841197533026
1AHW_AB_C;YC145A;3.8051320529252664
1AHW_AB_C;KC158A,NC160A,NC162A;4.072776815593128
1AHW_AB_C;SC184A,RC185A;4.0163385190352505
1AHW_AB_C;RC189A,KC190A;4.0163385190352505
1VFB_AB_C;SB28N;0.14393945205470762
1VFB_AB_C;SB28Q;0.07807675625372558
1VFB_AB_C;SB28D;0.0
1VFB_AB_C;SB28E;-0.10400151394798429
1VFB_AB_C;GB31A;0.3064483059454824
1VFB_AB_C;GB31E;-0.5097329509509035
1VFB_AB_C;GB31W;0.003960910552281347
1VFB_AB_C;YB32E;1.9020823531526672
1VFB_AB_C;DB58N;-0.12817441801288335
1VFB_AB_C;DB58E;0.07807675625372558
1VFB_AB_C;RB99Y;1.2353103702326815
1VFB_AB_C;RB99W;0.7049350135124478
1VFB_AB_C;NA31W;0.1743129773803177
1VFB_AB_C;YA32W;5.628252130362577
1VFB_AB_C;LA46D;5.628252130362577
1VFB_AB_C;LA46E;5.628252130362577
1VFB_AB_C;YA50R;0.844277172449923
1VFB_AB_C;YA50K;1.7155058763635425
1VFB_AB_C;TA52F;0.47084902700362596
1VFB_AB_C;TA53R;1.6457601901261483
2WPT_A_B;DA48A;5.213841399916829
2WPT_A_B;YA51A;5.213841399916829
2WPT_A_B;YA52A;5.213841399916829
2JEL_LH_P;TP34N;6.817423941227824
2OOB_A_B;AA9E;3.1017990152019084
2OOB_A_B;AA9E,GA13S;3.1017990152019084
2OOB_A_B;AA6S,KA7E,AA9E,GA13S;3.1017990152019084
2A9K_A_B;EB65A;3.151448527799136
1REW_AB_C;LA40P,LB40P;5.305122329200046
1JTG_A_B;KA86N;0.1808329407843739
1JTG_A_B;RA214Y;-0.14280505722560502
1JTG_A_B;PA82Q;0.46109211011563056
1JTG_A_B;EA143G;-0.17035206682803625
1JTG_A_B;EA85V;-0.6720828160047201
1JTG_A_B;EA85G;-0.9121805690701505
1JTG_A_B;EA146K;-0.6096931736769493
1JTG_A_B;EA85G,EA143G;-0.6096931736769493
1JTG_A_B;EA85V,EA143G;-0.7418285022421142
1JTG_A_B;EA213K;-0.4104498198934667
1HE8_A_B;KA80V,FA78S;2.1248986597269686
1HE8_A_B;KA80V,TA89D;2.1248986597269686
1HE8_A_B;KA80V,KA108A;2.1248986597269686
1HE8_A_B;KA80V,KA108E;2.1248986597269686
1HE8_A_B;KA80V,KA112A;2.1248986597269686
1FC2_C_D;NC2F;-0.10796242450026569
1FC2_C_D;NC7F;0.09128092928321693
1FC2_C_D;QC28K;0.1703520668280363
1FC2_C_D;NC2Q;0.0
1FC2_C_D;QC28L;0.4578474229852782
1FC2_C_D;FC1M;0.9121805690701503
1FC2_C_D;KC3D;1.0609973928523637
1FC2_C_D;YC10F;1.0271508140535424
1FC2_C_D;NC24F;0.8450725438518325
3BN9_B_CD;DB91A;6.694839689394683
3BN9_B_CD;FB92A;6.694839689394683
3BN9_B_CD;TD28R;0.3328873555715952
3BN9_B_CD;SD30G;1.186040972946211
3BN9_B_CD;SD30N;1.1454413183099188
3BN9_B_CD;TD102Q;-0.021535243045822893
3BN9_B_CD;TD102R;-0.058291674971337394
3BN9_B_CD;YD103S;0.45866026308503793
3BN9_B_CD;PD104H;2.427119842117005
3BN9_B_CD;QD105V;1.2240347197096693
1JTG_A_B;EA79D;3.6540085710319685
1JTG_A_B;EB73M;0.5060609216393698
1JTG_A_B;EB73M,KB74A;4.306739189537708
1JTG_A_B;EB73M,FB142A;2.5399103506111955
1JTG_A_B;EB73M,KB74A,FB142A;4.569250148723159
1JTG_A_B;EA79A,EB73M;1.8415573410215398
1JTG_A_B;EA79A,EB73M,KB74A;2.1016725670682703
1JTG_A_B;EA79A,EB73M,FB142A;2.853656868725773
1JTG_A_B;EA79A,EB73M,KB74A,FB142A;2.5894507842438585
2G2U_A_B;DA79A;-1.5478518995592723
2G2U_A_B;DA79E;-4.396781199589293
2G2U_A_B;EB73M,KB74A;0.47442617182600655
2G2U_A_B;EB73M,FB142A;0.3229842323277479
2G2U_A_B;EB73M,KB74A,FB142A;1.487286930913533
2G2U_A_B;DA79A,EB73M;-2.153369594768854
2G2U_A_B;DA79A,EB73M,KB74A;-1.5614070353273022
2G2U_A_B;DA79A,EB73M,FB142A;-0.6937221130872906
2G2U_A_B;DA79A,EB73M,KB74A,FB142A;-0.9901932301950503
3N4I_A_B;EA79D;4.396781199589293
2FTL_E_I;TI11A;4.049275293950755
2FTL_E_I;PI13A;4.049275293950755
2FTL_E_I;RI17A;4.049275293950755
2FTL_E_I;II19A;4.049275293950755
2FTL_E_I;RI20A;4.049275293950755
2FTL_E_I;FI33A;4.049275293950755
2FTL_E_I;VI34A;4.049275293950755
2FTL_E_I;YI35A;4.049275293950755
2FTL_E_I;GI37A;4.049275293950755
2FTL_E_I;RI39A;4.049275293950755
2FTL_E_I;KI46A;4.049275293950755
2FTL_E_I;KI15R;-0.5762856322214188
1A22_A_B;WB63A;4.681157623758622
1A22_A_B;WB124A;4.729275734321918
1A22_A_B;NB31A,TB32A,QB33A,EB34A;-0.1365054880292148
1A22_A_B;NB31A,TB32A,QB33A,EB34A,WB35A,WB39A;0.16598190736398621
1A22_A_B;SB57A,SB61A;-0.5693033910682642
1A22_A_B;EB79A,KB80A;-0.34458712409248476
1A22_A_B;QB121A,KB122A,VB126A;-0.8717907864614652
1A22_A_B;RB172A,NB173A;0.9021438216775662
1A22_A_B;QB171A,RB172A,NB173A;1.103011741417451
1A22_A_B;SB57A,SB61A,EB79A,KB80A;-0.8950154854883776
1A22_A_B;SB57A,SB61A,EB79A,KB80A,QB121A,KB122A,VB126A;-1.3993838956841376
1A22_A_B;PA2A;-0.054699223590736014
1A22_A_B;TA164S;1.68986636144778
1A22_A_B;RA167N;1.2692940058356548
1A22_A_B;IA58L;0.3162590374835565
1A22_A_B;RA64K;-0.31421359876687466
1A22_A_B;FA165Y;1.2692940058356548
1A22_A_B;RA167K;0.9530349683520981
1A22_A_B;NA12H,FA25L;0.8380647233687061
1A22_A_B;DA11A,MA14V,HA18Q,RA19H,FA25A,QA29K,EA33R;0.7467837940854891
1A22_A_B;NA12R,MA14V,LA15V,RA16L,RA19Y,FA25S,DA26E,QA29S,EA30Q,EA33K;1.3973313670443863
1A22_A_B;NA12R,MA14V,LA15V,RA16L,RA19Y;1.6797438257291213
1A22_A_B;QA22N,FA25S,DA26E,QA29S,EA30Q,EA33K;-0.09419078240991018
1A22_A_B;QA46H,NA47D,PA48S,QA49E,LA52F;1.1814065180438549
1A22_A_B;PA48A,TA50A,SA51A,LA52F;0.6021816067409048
1A22_A_B;EA56D,RA64M;2.0023061578307884
1A22_A_B;SA57T,TA60A,SA62T,NA63G,RA64K,EA65D,TA67A,KA70R,NA72D,LA73V;1.6797438257291213
1A22_A_B;FA54H,SA55T,EA56S,IA58L,PA59A,SA62E,NA63D,RA64K,EA66Q,TA67A,KA70M,SA71N,NA72Q,LA73K,EA74D;2.4955165597257625
1A22_A_B;EA88G,QA91Y,FA92H,RA94T,SA95E;0.1917317868474381
1A22_A_B;FA97R,AA98G,NA99M,SA100Q,LA101D,VA102A,YA103P,GA104E;0.26287571203366283
1A22_A_B;NA109D,VA110D,DA112H;0.3461218651322387
1A22_A_B;YA111V,LA113I,KA115E,DA116Q,EA118K,EA119R,QA122E,TA123G,GA126L,RA127I,EA129S;0.25159624871866915
1A22_A_B;RA127D,LA128V,EA129H;0.3162590374835565
1A22_A_B;RA156K,DA160H,IA168V,QA170K;1.9529314112671308
1BP3_A_B;DA11A,MA14V,HA18Q,RA19H,FA25A,QA29K,EA33R;3.603491311576884
1BP3_A_B;PA48A,TA50A,SA51A,LA52F;0.24604909883532317
1BP3_A_B;SA57T,TA60A,SA62T,NA63G,RA64K,EA65D,TA67A,KA70R,NA72D,LA73V;2.2982981983026565
1BP3_A_B;QA46H,NA47D,PA48S,QA49E,LA52F;0.24604909883532317
1BP3_A_B;EA56D,RA64M;0.44529245261880585
1BP3_A_B;NA12R,MA14V,LA15V,RA16L,RA19Y;0.3829028102910353
1BP3_A_B;QA22N,FA25S,DA26E,QA29S,EA30Q,EA33K;1.6095338870808882
1BP3_A_B;FA54H,SA55T,EA56S,IA58L,PA59A,SA62E,NA63D,RA64K,EA66Q,TA67A,KA70M,SA71N,NA72Q,LA73K,EA74D;0.3540115233355889
1BP3_A_B;EA88G,QA91Y,FA92H,RA94T,SA95E;0.20940933599100445
1BP3_A_B;FA97R,AA98G,NA99M,SA100Q,LA101D,VA102A,YA103P,GA104E;0.3829028102910353
1BP3_A_B;YA111V,LA113I,KA115E,DA116Q,EA118K,EA119R,RA120L,QA122E,TA123G,GA126L,RA127I,EA129S;-0.3927722707499003
1BP3_A_B;FA10A;0.0
1BP3_A_B;NA12A;-0.2965360496233083
1BP3_A_B;LA15A;0.0
1BP3_A_B;RA16A;0.0
1BP3_A_B;HA18A;1.5486027548939034
1BP3_A_B;RA19A;0.0
1BP3_A_B;HA21A;1.2464115845977959
1BP3_A_B;FA25A;1.1497093206237639
1BP3_A_B;DA26E;0.3829028102910353
1BP3_A_B;FA54A;0.20940933599100445
1BP3_A_B;SA55A;0.24604909883532317
1BP3_A_B;EA56A;-0.11882793888564841
1BP3_A_B;SA57A;0.034842632725339176
1BP3_A_B;IA58A;1.7565271371765303
1BP3_A_B;PA59A;0.15673873349940257
1BP3_A_B;SA62A;1.4150089161879529
1BP3_A_B;NA63A;0.8557422725122726
1BP3_A_B;RA64A;0.3540115233355889
1BP3_A_B;EA65A;0.5461631286477537
1BP3_A_B;EA66A;0.06774853790347654
1BP3_A_B;QA68A;0.11391377027015837
1BP3_A_B;QA69A;-0.21377546762180097
1BP3_A_B;KA70A;0.24604909883532317
1BP3_A_B;SA71A;0.6135258985117275
1BP3_A_B;LA73A;0.3540115233355889
1BP3_A_B;YA156A;0.20940933599100445
1BP3_A_B;YA160A;0.44529245261880585
1BP3_A_B;RA163A;3.0234143752178544
1BP3_A_B;KA164A;1.72728420252137
1BP3_A_B;DA167A;0.06774853790347654
1BP3_A_B;KA168A;2.605120834477349
1BP3_A_B;EA170A;1.8308914932741107
1BP3_A_B;TA171S;0.49399006483801505
1BP3_A_B;FA172A;1.9269672959301931
1BP3_A_B;RA174A;1.1497093206237639
1BP3_A_B;IA175A;0.3540115233355889
1BP3_A_B;IA175M;-0.16440072105814352
1BP3_A_B;VA176A;-0.2965360496233083
1BP3_A_B;QA177A;0.0
1BP3_A_B;RA179A;0.5671885533928692
1BP3_A_B;SA180A;-0.11882793888564841
1BP3_A_B;VA181A;0.2805532611772292
1BP3_A_B;EA182A;0.0
1BP3_A_B;GA183A;0.0
1BP3_A_B;SA184A;-0.2965360496233083
1BP3_A_B;KA164A,EA170A;5.4052415407630505
1BP3_A_B;RA64A,DA167A;0.37843370289130623
1BP3_A_B;KA168A,FA172A;5.352177349742704
1A22_A_B;KA157A,EA163A;-0.7693755118445453
1A22_A_B;RA64A,DA160A;3.321078852892149
1A22_A_B;KA161A,FA165A;3.778926275877427
3MZG_A_B;HA33A;0.13977834108669787
3MZG_A_B;HA46A;0.4085381270733523
3MZG_A_B;HA84A;0.07932143681547
3MZG_A_B;HA125A;-0.11439341768135995
3MZG_A_B;HA160A;0.9231857472319414
3MZG_A_B;HA182A;0.36962919117758875
3MZG_A_B;HA14A;-0.019173401415327328
3MZG_A_B;HA167A;1.487280660428389
3MZG_A_B;HA17A;0.06200132545990239
3MZG_A_B;HB188A;1.7763183341150488
3MZG_A_B;HA167A,HB188A;2.652992852000049
3N06_A_B;AA14H;0.019173401415327307
3N0P_A_B;AA17H;-0.062001325459902404
3NCB_A_B;AA167H;-1.4872806604283892
3NCC_A_B;AB188H;-1.7763183341150488
1FCC_A_C;EC27A;4.935526908588527
3HFM_HL_Y;YH33A,KY97A;7.227873761121291
1SMF_E_I;KI3A;5.724356066889693
5F4E_A_B;EA50A;0.28343019949397985
5F4E_A_B;EA50K;0.40847634298218244
5F4E_A_B;DA51A;0.10779334067953593
5F4E_A_B;QA109A;-0.03038350838790997
5F4E_A_B;HA136A;1.9900252863185264
5F4E_A_B;RA139A;1.464574642167979
5F4E_A_B;RA139E;2.1068594678403216
5F4E_A_B;EB26A;1.424120806997037
5F4E_A_B;EB26K;2.2472684670587855
5F4E_A_B;WB43A;1.0545958689831725
5F4E_A_B;LB62A;2.933503153578442
5F4E_A_B;KB139A;0.28946360531237497
5F4E_A_B;KB139E;0.477595167287476
3SF4_A_D;RA202E;2.3639173596894745
3SF4_A_D;NA264R;1.2251488384196891
3SF4_A_D;WD8A;3.072281935113575
3SF4_A_D;ED19R;1.9254865588149044
3SF4_A_D;KD27D;0.4104498198934667
4G2V_A_B;RA198E;2.235908555974886
4G2V_A_B;NA260R;0.22187619477042417
4G2V_A_B;RA198E,NA260R;2.2833061590666976
4WND_A_B;RA201E;2.794442116291407
4WND_A_B;NA263R;-0.020779462573481896
4WND_A_B;RA201E,NA263R;3.8554395091437708
1OGA_ABC_DE;DE28A;1.5724093481802726
1OGA_ABC_DE;DE28S;2.1611597290055857
1OGA_ABC_DE;QE48A;2.1611597290055857
1OGA_ABC_DE;QE48E;2.1611597290055857
1OGA_ABC_DE;IE49A;2.1611597290055857
1OGA_ABC_DE;IE49G;2.1611597290055857
1OGA_ABC_DE;IE49N;2.1611597290055857
1OGA_ABC_DE;IE49V;0.20062013065974796
1OGA_ABC_DE;IE49L;1.4178489883933083
1OGA_ABC_DE;NE51A;1.1146983710100162
1OGA_ABC_DE;NE51D;0.4951875453668199
1OGA_ABC_DE;DE52A;0.11635319678992453
1OGA_ABC_DE;QE54A;0.4978126907707253
1OGA_ABC_DE;QE54E;0.0
1OGA_ABC_DE;RE94A;2.1611597290055857
1OGA_ABC_DE;RE94H;2.1611597290055857
1OGA_ABC_DE;SE95A;-0.017593905676706868
1OGA_ABC_DE;YE97A;0.21641464644702968
1OGA_ABC_DE;YE97F;0.4978126907707253
1OGA_ABC_DE;SD29A;0.6273228739319847
1OGA_ABC_DE;SD30A;1.0192764377232333
1OGA_ABC_DE;QD32A;0.9880816165593478
2P5E_ABC_DE;TD52P,PD53F,AE49S,IE50V,QE51G,TE52M,LD96T,LD97S,DD98G,TD100S,LE94V;1.9617177158493788
2P5E_ABC_DE;TD52Q,PD53S,WD54S,AE49G,IE50A,QE51G;4.407654415581622
2P5E_ABC_DE;TD52Q,PD53S,WD54S,AE49G,IE50A,QE51G,TE52I,LD96T,LD97S,DD98G,TD100S,LE94V;7.951879596238547
2P5E_ABC_DE;YD32D,TD52Q,PD53S,WD54S,AE49G,IE50A,QE51G,TE52I,LD96T,LD97S,DD98G,TD100S,LE94V;7.774171485500887
2P5E_ABC_DE;YD32D;7.603819418672852
2PYE_ABC_DE;QD52T,SD53P,SD54W,GE50A,AE51I,GE52Q;-4.407654415581622
2PYE_ABC_DE;QD52P,SD53F,SD54W,GE50S,AE51V,TE53M,LD96T,LD97S,DD98G,TD100S,LE95V;-2.4459366997322443
2PYE_ABC_DE;TE53I,LD96T,LD97S,DD98G,TD100S,LE95V;3.5442251806569245
2PYE_ABC_DE;YD32D,TE53I,LD96T,LD97S,DD98G,TD100S,LE95V;3.366517069919265
2PYE_ABC_DE;YD32D,QD52T,SD53P,SD54W,GE50A,AE51I,GE52Q;3.1961650030912283
3QDG_ABC_DE;DD26W;-1.5614828126117115
3QDG_ABC_DE;DD26Y;-1.792935829377079
3QDG_ABC_DE;RD27W;0.5961833728111539
3QDG_ABC_DE;LE95W;-0.7026386266695236
3QDG_ABC_DE;FE97W;0.9340337471140507
3QDG_ABC_DE;TE99F;-0.03863243074726056
3QDG_ABC_DE;GD28I;0.8658949924454191
3QDG_ABC_DE;GD28L;1.387906967801282
3QDG_ABC_DE;GD28Y;1.5018207380714406
3QDG_ABC_DE;RD27P;0.1383359498258757
3QDG_ABC_DE;GD28P;1.0913709181779738
3QDG_ABC_DE;AE52P;-0.0658626958009821
3QDG_ABC_DE;GD28N;0.8512731651125435
3QDG_ABC_DE;FE97Y;1.393858313571175
3QDG_ABC_DE;DD26W,LE95W;-3.3530949698943093
3QDG_ABC_DE;DD26Y,LE95W;-3.541668595017352
3QDJ_ABC_DE;DD26W;-2.1707710947038645
3QDJ_ABC_DE;DD26Y;-1.3365640652374147
3QDJ_ABC_DE;RD27W;0.21668941194689448
3QDJ_ABC_DE;LE95W;-0.8072863064582998
3QDJ_ABC_DE;FE97W;0.38942439514835125
3QDJ_ABC_DE;TE99F;-0.27556667238505095
3QDJ_ABC_DE;GD28I;-0.10521460555701465
3QDJ_ABC_DE;GD28L;0.6551202128214643
3QDJ_ABC_DE;GD28Y;0.5561984817872652
3QDJ_ABC_DE;RD27P;0.03993561877226314
3QDJ_ABC_DE;GD28P;1.2244236038897287
3QDJ_ABC_DE;AE52P;0.2070606807764025
3QDJ_ABC_DE;GD28N;0.4104498198934667
3QDJ_ABC_DE;FE97Y;0.7780746765576892
3QDJ_ABC_DE;DD26W,LE95W;-2.5296967866549434
3QDJ_ABC_DE;DD26Y,LE95W;-1.9129957924948677
4L3E_ABC_DE;YD26D,WE95L;3.541668595017352
4L3E_ABC_DE;RA65A;1.3010951459177944
4L3E_ABC_DE;YE48A;2.2272093912617423
4L3E_ABC_DE;RA65A,YE48A;3.807383591454202
4L3E_ABC_DE;RA65A,YD26A;4.438514542302391
4L3E_ABC_DE;YD26A;2.7834078730490077
4L3E_ABC_DE;YD26A,RA65A;4.368768856064996
4L3E_ABC_DE;YD50A;0.46776279005158
4L3E_ABC_DE;QA155A;1.258403897021216
4L3E_ABC_DE;YD50A,QA155A;1.0899650916950954
4L3E_ABC_DE;ND52A;-0.4595144570393563
4L3E_ABC_DE;EA166A;1.2169059651058949
4L3E_ABC_DE;ND52A,EA166A;1.091133057592452
1BD2_ABC_DE;EE28A;2.8337123220438256
1BD2_ABC_DE;YC8A;2.7589856934932904
1BD2_ABC_DE;EE28A,YC8A;3.9646814572232514
1BD2_ABC_DE;ED93A;1.315028822191592
1BD2_ABC_DE;RA65A;2.497975689464429
1BD2_ABC_DE;ED93A,RA65A;3.113686919204779
1BD2_ABC_DE;DD30N;1.9364450670396038
1BD2_ABC_DE;YC5A;3.340335127591448
1BD2_ABC_DE;DD30N,YC5A;1.4762587046128575
1BD2_ABC_DE;YC5F;0.7396868578848298
1BD2_ABC_DE;DD30N,YC5F;2.4984630013924045
1BD2_ABC_DE;YE99A;0.3078238547909975
1BD2_ABC_DE;YE99A,YC5F;0.8944146189531134
1BD2_ABC_DE;YE99A,YC5A;2.685639742482964
1AO7_ABC_DE;DD26A;0.978507881544395
1AO7_ABC_DE;EA58A;-0.48728510569896055
1AO7_ABC_DE;DD26A,EA58A;0.7492189747060483
1AO7_ABC_DE;RD27A;0.4902142921601794
1AO7_ABC_DE;RA170A;-0.07661446594051988
1AO7_ABC_DE;RD27A,RA170A;1.1859112426532843
1AO7_ABC_DE;QD30L;1.6846090708270147
1AO7_ABC_DE;LC1A;0.9385611189199053
1AO7_ABC_DE;QD30L,LC1A;2.891971204802766
1AO7_ABC_DE;QD30V;-0.09207142575793166
1AO7_ABC_DE;QD30V,LC1A;0.723347520519499
1AO7_ABC_DE;YA159A;3.2437026310061765
1AO7_ABC_DE;QD30V,YA159A;3.328600484636183
1AO7_ABC_DE;EA63Q,QD30V;-0.0068195063076818205
1AO7_ABC_DE;EA63Q,KA66A;1.1298034734172357
1AO7_ABC_DE;EA63Q,QD30V,KA66A;1.8541347334799791
1AO7_ABC_DE;SD31A;0.8457264503936922
1AO7_ABC_DE;YC5A;1.5853643261189354
1AO7_ABC_DE;SD31A,YC5A;1.7086312076992924
1AO7_ABC_DE;YC5F;0.083806488322081
1AO7_ABC_DE;SD31A,YC5F;-0.04052533346648073
1AO7_ABC_DE;YD50A;0.4908922195083377
1AO7_ABC_DE;QA155A;0.23150892364225714
1AO7_ABC_DE;YD50A,QA155A;0.08196823432365213
1AO7_ABC_DE;ND52A;0.3547408411787911
1AO7_ABC_DE;EA166A;2.1989770176994607
1AO7_ABC_DE;ND52A,EA166A;3.1415748795411518
1AO7_ABC_DE;KD66A;1.2109262134690901
1AO7_ABC_DE;TA163A;0.5812775859656865
1AO7_ABC_DE;KD66A,TA163A;0.9776091966747812
4FTV_ABC_DE;KD66A;-1.5787766559782404
4FTV_ABC_DE;TA163A;0.36093737912626034
4FTV_ABC_DE;KD66A,TA163A;-2.129387246616899
1AO7_ABC_DE;KD66A,EA166A;3.032237042341421
1AO7_ABC_DE;TD91A;0.9571329357085313
1AO7_ABC_DE;TD91A,YC5A;3.029456971884331
1AO7_ABC_DE;TD92A;1.9456763820580847
1AO7_ABC_DE;RA65A;3.041980584961774
1AO7_ABC_DE;TD92A,RA65A;2.422251843547127
4FTV_ABC_DE;DD93A;0.896494169413953
4FTV_ABC_DE;RA65A;3.5058343541200774
4FTV_ABC_DE;DD93A,RA65A;1.163383117742726
1AO7_ABC_DE;DD93N;2.45828381633332
1AO7_ABC_DE;DD93N,RA65A;3.082798453436409
4FTV_ABC_DE;EA63Q,DD93A;-0.004537600132405578
4FTV_ABC_DE;EA63Q,KA66A;1.3309662071320558
4FTV_ABC_DE;EA63Q,DD93A,KA66A;1.8541347334799791
1AO7_ABC_DE;SD94A;-0.23747526506225622
1AO7_ABC_DE;SD94A,YC5A;1.8600755426095152
1AO7_ABC_DE;WD95A;2.223351482546378
1AO7_ABC_DE;AA69G;1.3661125426952345
1AO7_ABC_DE;WD95A,AA69G;2.9039968397690026
1AO7_ABC_DE;EE28A;2.021131839286981
1AO7_ABC_DE;YC8A;3.165939543296747
1AO7_ABC_DE;EE28A,YC8A;3.4237148455057436
3D3V_ABC_DE;EE30A;2.6713456370605573
3D3V_ABC_DE;YC8A;3.4118706008838586
3D3V_ABC_DE;EE30A,YC8A;3.8989641419066237
3D3V_ABC_DE;YC8F;0.9270086858737395
3D3V_ABC_DE;EE30A,YC8F;2.5722014069390235
1AO7_ABC_DE;RE92A;0.38979501024736185
1AO7_ABC_DE;RE92A,YC5A;1.5942471154725757
1AO7_ABC_DE;RE92A,YC5F;0.6056751503236252
3D3V_ABC_DE;LE97A;2.6158497224275186
3D3V_ABC_DE;LE97A,YC8A;4.388130268262868
1AO7_ABC_DE;PE100A;1.1571630588904203
1AO7_ABC_DE;PE100A,YC5A;2.258332547515175
1AO7_ABC_DE;PE100A,QA155A;0.9298927937375127
1AO7_ABC_DE;DD93A;0.7792341211307126
1AO7_ABC_DE;QA72A;0.18686212409827085
1AO7_ABC_DE;DD93A,QA72A;1.0603092417932858
1AO7_ABC_DE;RE99A;0.06466278876488747
1AO7_ABC_DE;RE99A,YC5A;1.8849946190560145
5E9D_AB_CDE;GD27E;-0.47911591801105147
5E9D_AB_CDE;TD90Q;-0.5736415344246211
5E9D_AB_CDE;VE49D;-0.43246551239339004
5E9D_AB_CDE;AE98Y;-0.8993536288447346
5E9D_AB_CDE;YD49W;-0.3489252674488415
5E9D_AB_CDE;NE27G;0.27506386695474416
5E9D_AB_CDE;SD50G;-0.03562902582855693
5E9D_AB_CDE;KD96Q;0.18739364349108115
5E9D_AB_CDE;GD27E,TD90Q;-1.5499012018036316
5E9D_AB_CDE;GD27E,VE49D;-1.2018410242379354
5E9D_AB_CDE;GD27E,AE98Y;-1.3098034487382013
5E9D_AB_CDE;TD90Q,AE98Y;-1.2715867104753296
5E9D_AB_CDE;GD27E,TD90Q,AE98Y;-2.4740448832002833
5E9D_AB_CDE;GD27R,TD90Q,VE49E,AE98D;-3.1245924561591805
5E9D_AB_CDE;GD27E,TD90Q,VE49D,AE98E;-2.6350714987208943
5E9D_AB_CDE;GD27R,TD90Q,VE49E,AE98V;-2.7580259624571193
1AO7_ABC_DE;AE96M;-0.3103250384459256
1AO7_ABC_DE;GE97S;-0.32633309694700585
1AO7_ABC_DE;GE97S,GE98A,RE99E;-3.452373650557217
1AO7_ABC_DE;AE96M,GE97S,GE98A,RE99E;-3.901880739613652
1AO7_ABC_DE;AE96M,GE97S,GE98A;-3.545062778584833
1AO7_ABC_DE;AE96M,GE97S,GE98A,RE99Q;-3.939210667040094
4FTV_ABC_DE;ME98A,SE99G,AE100G,QE101R;3.9583190361715297
4FTV_ABC_DE;SE99G,AE100G,QE101R;3.6496310195176176
4FTV_ABC_DE;ME98A,AE100G,QE101R;3.617614902515457
4FTV_ABC_DE;ME98A,QE101E;0.5059453856143127
4FTV_ABC_DE;QE101E;0.056438296557877736
4FTV_ABC_DE;QE101R;0.4104498198934667
3QFJ_ABC_DE;FC5Y;-0.1583473909777384
4JFF_ABC_DE;EC1A;7.319154690404507
4JFF_ABC_DE;GC4A;6.514936545834623
4JFF_ABC_DE;GC6A;6.591948015495269
4JFF_ABC_DE;IC7A;6.426390743445066
4JFF_ABC_DE;LC8A;6.195767655224373
4JFF_ABC_DE;TC9A;6.531160955795713
4JFD_ABC_DE;AC4G;-6.514936545834623
4JFD_ABC_DE;AC4G,EC1A;0.8042181445698846
4JFD_ABC_DE;AC4G,GC6A;0.07701146966064622
4JFD_ABC_DE;AC4G,IC7A;-0.08854580238955746
4JFD_ABC_DE;AC4G,LC8A;-0.3191688906102498
4JFD_ABC_DE;AC4G,TC9A;0.01622440996108863
4JFE_ABC_DE;AC7I;-6.426390743445066
4JFE_ABC_DE;AC7I,EC1A;0.8927639469594422
4JFE_ABC_DE;AC7I,GC4A;0.08854580238955755
4JFE_ABC_DE;AC7I,GC6A;0.1655572720502037
4JFE_ABC_DE;AC7I,LC8A;-0.23062308822069222
4JFE_ABC_DE;AC7I,TC9A;0.1047702123506461
3QDJ_ABC_DE;AC2L;2.2988422074540966
3PWP_ABC_DE;GC2L;-0.6338660777418483
3PWP_ABC_DE;GC2L,IC9V;-0.3856005549101523
1AO7_ABC_DE;AA150P;1.0034614983533674
3H9S_ABC_DE;AA150P;0.16308628340478423
2OI9_AQ_BC;FQ5R;3.0992026581217247
2E7L_EQ_AD;FQ5R;3.0583482588397772
1BD2_ABC_DE;YC5W;1.927605179750019
1AO7_ABC_DE;YC5W;0.8885764058074431
1LP9_ABC_EF;TA163A;-0.4041165625207231
1LP9_ABC_EF;WA167A;0.2986546705584229
1LP9_ABC_EF;KA66A;0.9401515388267232
2UWE_ABC_EF;AA163T;0.40411656252072314
2JCC_ABC_EF;AA167W;-0.2986546705584228
2J8U_ABC_EF;AA66K;-0.9401515388267232
1AO7_ABC_DE;KA66A;2.6257891592545257
1BD2_ABC_DE;EA63Q,KA66A;1.9605110849281564
1AO7_ABC_DE;VC7R;1.2248062558705364
1QSE_ABC_DE;RC7V;-1.2248062558705364
1MI5_ABC_DE;SD23A;0.10001393039645533
1MI5_ABC_DE;TD24A;0.2602779522254568
1MI5_ABC_DE;SD26A;-0.0391649433008582
1MI5_ABC_DE;TD28A;0.5872800150964207
1MI5_ABC_DE;DD29A;1.2313494596804
1MI5_ABC_DE;YD30A;0.44940628832086177
1MI5_ABC_DE;HD32A;1.2313494596804
1MI5_ABC_DE;HD47A;1.116717491724028
1MI5_ABC_DE;LD49A;1.2313494596804
1MI5_ABC_DE;TD50A;-0.5581848367163007
1MI5_ABC_DE;SD51A;0.48177248154941366
1MI5_ABC_DE;ND52A;-0.01925873544940921
1MI5_ABC_DE;PD89A;1.2313494596804
1MI5_ABC_DE;LD90A;1.2313494596804
1MI5_ABC_DE;AD91G;0.607998883766581
1MI5_ABC_DE;GD92A;0.7637503318332126
1MI5_ABC_DE;GD93A;1.2313494596804
1MI5_ABC_DE;TD94A;0.9425202560621021
1MI5_ABC_DE;SD95A;0.8267917672038897
1MI5_ABC_DE;YD96A;1.2313494596804
1MI5_ABC_DE;GD97A;1.2313494596804
1MI5_ABC_DE;KD98A;1.2313494596804
1MI5_ABC_DE;SE25A;0.0322653924929788
1MI5_ABC_DE;GE26A;-0.28921509735609585
1MI5_ABC_DE;VE28A;0.29293631866117764
1MI5_ABC_DE;SE29A;1.0633612838946225
1MI5_ABC_DE;QE48A;-0.07033813643158089
1MI5_ABC_DE;NE49A;-0.4326521600110694
1MI5_ABC_DE;EE50A;0.818526274206163
1MI5_ABC_DE;SE92A;0.3015391903552143
1MI5_ABC_DE;SE93A;-0.611591104531502
1MI5_ABC_DE;LE94A;0.1158056374375272
1MI5_ABC_DE;GE95A;1.2313494596804
1MI5_ABC_DE;QE96A;1.2313494596804
1MI5_ABC_DE;AE97G;1.2313494596804
1MI5_ABC_DE;YE98A;1.2313494596804
1MI5_ABC_DE;EE99A;0.11968862787393936
1MI5_ABC_DE;QE100A;1.2313494596804
1MI5_ABC_DE;YE101A;0.2602779522254568
2AK4_ABC_DE;TD30A;-0.1266195502438878
2AK4_ABC_DE;YD32A;0.09892173103419925
2AK4_ABC_DE;ND51A;1.403282712814279
2AK4_ABC_DE;SD94A;1.403282712814279
2AK4_ABC_DE;YD97A;1.403282712814279
2AK4_ABC_DE;ND98A;1.403282712814279
2AK4_ABC_DE;NE26A;0.2086677530265869
2AK4_ABC_DE;NE28A;0.822480826092776
2AK4_ABC_DE;SE29G;1.403282712814279
2AK4_ABC_DE;SE49A;-0.31421359876687466
2AK4_ABC_DE;NE63A;-0.04266665446752221
2AK4_ABC_DE;LE94A;0.8380647233687061
2AK4_ABC_DE;EE97A;0.04861427481569478
2AK4_ABC_DE;QA65A;-0.2577753022089969
2AK4_ABC_DE;TA69A;-0.3417606083693061
2AK4_ABC_DE;QA72A;0.23904127835219696
2AK4_ABC_DE;RA151A;1.3666429499699604
2AK4_ABC_DE;EA154A;0.2347964292091508
2AK4_ABC_DE;QA155A;0.9291258887155748
2AK4_ABC_DE;RA157A;1.403282712814279
2AK4_ABC_DE;AA158G;0.8731490022592816
2AK4_ABC_DE;EA161A;0.4648695717950566
2AK4_ABC_DE;LA163A;0.14031177388020966
2AK4_ABC_DE;PC4A;1.095840025577703
2AK4_ABC_DE;LC5A;1.403282712814279
2AK4_ABC_DE;PC6A;1.403282712814279
2AK4_ABC_DE;QC7A;1.403282712814279
2AK4_ABC_DE;QC9A;0.06586269580098204
2AK4_ABC_DE;LC10A;0.5133771169544751
1AO7_ABC_DE;WA167A;1.3125038124882962
2BNR_ABC_DE;QA43A;0.0827605820015074
2BNR_ABC_DE;EA58A;0.0
2BNR_ABC_DE;DA61A;-0.08974086620525942
2BNR_ABC_DE;EA63A;0.33454246860863796
2BNR_ABC_DE;TA64A;0.27133420712454986
2BNR_ABC_DE;RA65A;1.8054635561135541
2BNR_ABC_DE;KA66A;1.688484731143049
2BNR_ABC_DE;VA67A;0.392604021304332
2BNR_ABC_DE;KA68A;0.005525582112962734
2BNR_ABC_DE;AA69G;1.854276586697751
2BNR_ABC_DE;HA70A;1.6948634705942125
2BNR_ABC_DE;QA72A;-0.09623622112659207
2BNR_ABC_DE;TA73A;1.2844136507007455
2BNR_ABC_DE;HA74A;0.9748345068362269
2BNR_ABC_DE;RA75A;0.5306220361321301
2BNR_ABC_DE;VA76A;0.671752280735354
2BNR_ABC_DE;TA80A;0.5351365732698613
2BNR_ABC_DE;KA146A;0.6240570380696994
2BNR_ABC_DE;AA149G;0.018221558295006275
2BNR_ABC_DE;AA150G;0.7365176691573802
2BNR_ABC_DE;HA151A;0.5328836070022069
2BNR_ABC_DE;VA152A;0.9028551177627253
2BNR_ABC_DE;EA154A;0.018221558295006275
2BNR_ABC_DE;QA155A;0.23264917787666026
2BNR_ABC_DE;TA163A;0.4584165281897698
1AO7_ABC_DE;QA43A;0.028891286955446356
1AO7_ABC_DE;EA55A;0.8552133274840746
1AO7_ABC_DE;DA61A;0.37936755250874893
1AO7_ABC_DE;EA63A;0.15845761400879418
1AO7_ABC_DE;TA64A;-0.07600297565640425
1AO7_ABC_DE;VA67A;-0.5579223663226651
1AO7_ABC_DE;KA68A;0.1934473474477688
1AO7_ABC_DE;HA70A;3.154007425589346
1AO7_ABC_DE;TA73A;0.7663089388611569
1AO7_ABC_DE;HA74A;1.6035825413109952
1AO7_ABC_DE;RA75A;0.5344547609669082
1AO7_ABC_DE;VA76A;0.5965714584086782
1AO7_ABC_DE;TA80A;0.07569703200728688
1AO7_ABC_DE;KA146A;0.46197394783585455
1AO7_ABC_DE;AA149G;-0.1544187131125194
1AO7_ABC_DE;AA150G;0.061918423359249124
1AO7_ABC_DE;HA151A;-0.302487395393201
1AO7_ABC_DE;VA152A;-0.19415125430136146
1AO7_ABC_DE;EA154A;0.36136756724521246
1AO7_ABC_DE;AA158G;0.31183387452043587
1OGA_ABC_DE;QA43A;-0.023940184895193495
1OGA_ABC_DE;EA58A;0.11259951882869422
1OGA_ABC_DE;DA61A;0.11811652072098086
1OGA_ABC_DE;EA63A;-0.01815173294032433
1OGA_ABC_DE;TA64A;0.18633485527411522
1OGA_ABC_DE;RA65A;-0.36529098665058257
1OGA_ABC_DE;KA66A;-0.023940184895193495
1OGA_ABC_DE;VA67A;-0.13915977534638405
1OGA_ABC_DE;KA68A;0.24823491186114502
1OGA_ABC_DE;AA69G;0.426976118170905
1OGA_ABC_DE;HA70A;0.5174804520382952
1OGA_ABC_DE;QA72A;-0.45933899536005557
1OGA_ABC_DE;TA73A;0.8481926695786113
1OGA_ABC_DE;HA74A;0.6040802982904898
1OGA_ABC_DE;RA75A;0.7106984454377405
1OGA_ABC_DE;VA76A;0.8717250609583517
1OGA_ABC_DE;TA80A;0.1952395932994067
1OGA_ABC_DE;KA146A;1.9301534522988986
1OGA_ABC_DE;AA149G;0.12267507995199328
1OGA_ABC_DE;AA150G;0.44831730782495544
1OGA_ABC_DE;HA151A;0.0
1OGA_ABC_DE;VA152A;1.392907870404867
1OGA_ABC_DE;EA154A;0.6120825000647097
1OGA_ABC_DE;QA155A;0.4888222506673162
1OGA_ABC_DE;AA158G;0.13258206862384475
1OGA_ABC_DE;TA163A;0.3213992281610516
2BNR_ABC_DE;CC9V;-0.5017307491766837
2BNQ_ABC_DE;VC9C;0.5017307491766837
3HG1_ABC_DE;SE50Y,VE51G,GE52P,IE53F;-1.5812344581654125
3HG1_ABC_DE;SE50W,VE51G,GE52P,IE53F;-1.7739346081390315
3HG1_ABC_DE;SE50F,VE51G,GE52P,IE53Y;-2.0255308568577006
3HG1_ABC_DE;SE50Y,VE51G,GE52P,IE53Y;-1.730051281947626
3HG1_ABC_DE;SE50Y,VE51G,GE52P,IE53F,TE100M,EE102G,LE103W,FE104Q;-1.4899535288821957
3HG1_ABC_DE;SE50Y,VE51G,GE52P,IE53F,GE99N,TE100L,EE102G,LE103W;-2.85343831712776
3HG1_ABC_DE;SE50W,VE51G,GE52P,IE53F,TE100M,EE102G,LE103W,FE104Q;-2.2941716734520803
3HG1_ABC_DE;SE50W,VE51G,GE52P,IE53F,GE99N,TE100L,EE102G,LE103W;-2.978565825209799
4MNQ_ABC_DE;IE49V,HE50G,PE51A,EE52G,YE53I,AD93S,LD94G,PD95T,GD97K;5.818223740509044
4MNQ_ABC_DE;AD93S,LD94G,PD95T,GD97K;0.9226614430264881
4MNQ_ABC_DE;HE50W,PE51E,EE52F,YE53E,AD93S,LD94G,PD95T,GD97K;0.8971885298341913
4MNQ_ABC_DE;IE49V,HE50G,PE51A,EE52G,YE53I;1.518844815837642
4MNQ_ABC_DE;HE50W,PE51E,EE52F,YE53E;0.25951437517613857
4MNQ_ABC_DE;KC4A,AD93S,LD94G,PD95T,GD97K;3.6306297982795708
4MNQ_ABC_DE;KC4A,IE49V,HE50G,PE51A,EE52G,YE53I;4.2458143923287714
4MNQ_ABC_DE;KC4A;4.933153543007757
4MNQ_ABC_DE;KC4A,HE50W,PE51E,EE52F,YE53E;4.940245291479075
4MNQ_ABC_DE;LC6A,AD93S,LD94G,PD95T,GD97K;5.09992762964667
4MNQ_ABC_DE;LC6A,HE50W,PE51E,EE52F,YE53E,AD93S,LD94G,PD95T,GD97K;5.423565627656649
4MNQ_ABC_DE;LC6A,IE49V,HE50G,PE51A,EE52G,YE53I;4.667543675537232
4MNQ_ABC_DE;LC6A;4.146892661294572
4MNQ_ABC_DE;LC6A,HE50W,PE51E,EE52F,YE53E;4.386990414360002
1AO7_ABC_DE;DD26M;0.2112064661099841
1AO7_ABC_DE;DD26V;1.363484788245565
1AO7_ABC_DE;DD26W;-1.0799066718621861
1AO7_ABC_DE;RD27F;-0.1992433537834826
1AO7_ABC_DE;GD28A;0.5425851484586315
1AO7_ABC_DE;GD28I;-0.2794434791244304
1AO7_ABC_DE;GD28L;-0.46660620551067394
1AO7_ABC_DE;GD28M;-0.5184122443937323
1AO7_ABC_DE;GD28R;2.316519756597663
1AO7_ABC_DE;GD28T;-0.758848467842596
1AO7_ABC_DE;GD28V;0.5425851484586315
1AO7_ABC_DE;SD29A;0.302487395393201
1AO7_ABC_DE;QD30N;0.7129372152866678
1AO7_ABC_DE;QD30E;0.4104498198934667
1AO7_ABC_DE;SD51M;-0.37754391471532933
1AO7_ABC_DE;KD66H;0.9530349683520981
1AO7_ABC_DE;SD94N;1.9060699367041964
1AO7_ABC_DE;SD94T;-0.4932386003720713
1AO7_ABC_DE;SD94Y;2.316519756597663
1AO7_ABC_DE;IE52R;1.363484788245565
1AO7_ABC_DE;AE96K;0.06154310334200291
1AO7_ABC_DE;GE98A;-1.090481130001997
1AO7_ABC_DE;RE99Q;0.4104498198934667
1AO7_ABC_DE;DD26W,RD27F,SD51M,SD94T;-2.715796529551603
1AO7_ABC_DE;DD26W,RD27F,GD28T,SD51M,SD94T;-2.01387859492739
1AO7_ABC_DE;DD26W,RD27F,SD51M,SD94T,VC7R;-1.3923760752010113
1AO7_ABC_DE;GD28I,SD94A;-0.38290281029103534
1AO7_ABC_DE;GD28I,SD94T;-0.8991656733060372
1AO7_ABC_DE;GD28L,SD94A;-0.5083470629217837
1AO7_ABC_DE;GD28L,SD94T;-1.0280914876742264
1AO7_ABC_DE;GD28M,SD94A;-0.8042181445698846
1AO7_ABC_DE;GD28M,SD94T;-1.7463875985366
1AO7_ABC_DE;GD28M,SD51M,SD94T;-2.1253882271961446
1AO7_ABC_DE;GD28T,SD51M,SD94T;-1.6035825413109952
1AO7_ABC_DE;RD27F,GD28M,SD51M,SD94T;-1.802825895094478
1AO7_ABC_DE;RD27F,GD28T,SD51M,SD94T;-1.6035825413109952
1AO7_ABC_DE;DD26W,GD28M,SD51M,SD94T;-1.0781624764341367
1AO7_ABC_DE;DD26W,GD28T,SD51M,SD94T;-1.237016047608934
1AO7_ABC_DE;GE98A,RE99Q;-1.5627281420290475
1AO7_ABC_DE;AE96M,GE97S;-1.0443158976353153
1AO7_ABC_DE;GD28T,AE96M,GE97S,GE98A;-3.8598312765160023
1AO7_ABC_DE;GD28T,AE96M,GE97S,GE98A,RE99Q;-3.9639856241000637
1AO7_ABC_DE;DD26W,AE96M,GE97S,GE98A,RE99Q;-4.036585069690633
1AO7_ABC_DE;DD26W,RD27F,SD51M,AE96M,GE97S,GE98A,RE99Q;-3.708895831798674
1AO7_ABC_DE;DD26W,RD27F,SD51M,SD94T,AE96M,GE97S,GE98A,RE99Q;-3.4493814566225356
1AO7_ABC_DE;RD27P;0.30784629096890703
1AO7_ABC_DE;KD97P;-0.2676447626678618
1AO7_ABC_DE;AE50P;-0.3253533219646101
1AO7_ABC_DE;GE98P;0.44950708905643494
1AO7_ABC_DE;RE99P;-1.9407086947779453
1AO7_ABC_DE;KD97P,AE50P,RE99P;-1.6311295509134265
1AO7_ABC_DE;KD97P,RE99P;-1.22067973101996
1AO7_ABC_DE;DD26W,RD27F,GD28T,SD51M,SD94T,RE99P;-3.372158253874321
1AO7_ABC_DE;DD26W,RD27F,GD28T,SD51M,SD94T,KD97P,AE50P,RE99P;-4.61973212351581
1YY9_CD_A;LD29P;0.03082537877729026
1YY9_CD_A;WD52P;1.4781890759284186
1YY9_CD_A;SD53P;0.8174997036350021
1YY9_CD_A;GD54P;0.2680555527777764
1YY9_CD_A;AD98P;1.0371696857084802
1YY9_CD_A;YD101P;1.6513277545799119
1YY9_CD_A;AC25P;0.0722516312371374
1YY9_CD_A;SC26P;-0.009110239994972876
1YY9_CD_A;SC28P;-0.2222872700522533
1YY9_CD_A;SC54P;-0.018362833237748243
1YY9_CD_A;TC96P;4.002928387285607
3BX1_A_C;FC84V;0.4104498198934667
3BX1_A_C;RC85G;0.3553259609889483
3BX1_A_C;AC86T;1.836324250466802
3BX1_A_C;YC87I;1.7811281732659938
3BX1_A_C;YC87A;1.2981636848829199
3BX1_A_C;TC88V;2.83712111224499
3BX1_A_C;TC89A;0.1703520668280363
1QAB_ABCD_E;VA30M,VB21M,VC21M,VD21M;-0.27032729206944794
1QAB_ABCD_E;LA55P,LB46P,LC46P,LD46P;0.36930505315523954
1QAB_ABCD_E;LA58H,LB49H,LC49H,LD49H;-0.07065853020652707
1QAB_ABCD_E;TA60A,TB51A,TC51A,TD51A;0.11985086418389457
1QAB_ABCD_E;SA85A,SB76A,SC76A,SD76A;0.899247091163544
1QAB_ABCD_E;DA99A,DB90A,DC90A,DD90A;1.6763224666288095
1QAB_ABCD_E;SA100E,SB91E,SC91E,SD91E;1.635686086211385
1QAB_ABCD_E;YA114H,YB105H,YC105H,YD105H;0.6772078630469068
1QAB_ABCD_E;YA114F,YB105F,YC105F,YD105F;-0.38716147359124314
3SZK_AB_C;NC35A;0.11882914358126478
3SZK_AB_C;TC38A;0.8848571334688978
3SZK_AB_C;QC39A;0.7276332811527647
3SZK_AB_C;YC40A;2.757242584291586
3SZK_AB_C;YC41A;2.8307967415304605
3SZK_AB_C;HC42A;2.4077224327675943
3SZK_AB_C;FC43A;2.1065750836686696
3SZK_AB_C;FC44A;2.0891242541684716
3SZK_AB_C;NC66A;0.19392019031006966
3SZK_AB_C;SC69A;1.4372806102382205
3SZK_AB_C;TC70A;1.3946176938664965
3SZK_AB_C;DC120A;0.6394333071656969
3SZK_AB_C;DC121A;0.6602633742231465
3SZK_AB_C;GC122A;0.3556974886736075
3SZK_AB_C;EC123A;0.7958802574273284
3SZK_AB_C;EC124A;0.6602633742231465
3SZK_AB_C;VC27A;0.09139211603632737
3SZK_AB_C;DC48A;0.19392019031006966
3SZK_AB_C;DC51A;0.19392019031006966
3SZK_AB_C;KC56A;0.09139211603632737
3SZK_AB_C;KC57A;-0.03409210538629547
4GXU_ABCDEF_MN;DA189E;2.16496780592179
4GXU_ABCDEF_MN;DA224G;1.9607691602949322
4GXU_ABCDEF_MN;DA189E,DA224G;3.0100403497736226
3LZF_AB_HL;DA187E;0.4983373076852665
3LZF_AB_HL;DA222G;0.5378288665044406
3LZF_AB_HL;DA187E,DA222G;0.1273790466109739
1FSS_A_B;TB8V;-0.08440264953541052
1FSS_A_B;TB9I;-0.23214925896162011
1FSS_A_B;TB9N;1.2508286606775858
1FSS_A_B;TB8V,TB9I;0.4416230130241894
1FSS_A_B;TB8V,TB9N;0.35775646073887113
1FSS_A_B;RB11K;0.31636460400597877
1FSS_A_B;AB12S;0.3244797236949838
1FSS_A_B;RB27F;2.4350566392377395
1FSS_A_B;RB27M;2.662799018776776
1FSS_A_B;RB27Y;2.6279023352166857
1FSS_A_B;HB29K;-0.6193743798281744
1FSS_A_B;HB29R;-1.2724304693215394
1FSS_A_B;KB32R;1.1343458888956102
1FSS_A_B;MB33F;0.9368105583910094
1FSS_A_B;MB33L;0.9625604378744613
1FSS_A_B;MB33Q;1.5718034755208452
1FSS_A_B;MB33Y;1.3946579813762876
1FSS_A_B;VB34T;1.585160897215912
1FSS_A_B;LB35W;1.4510962779341652
1FSS_A_B;NB47F;0.49251415969872114
1FSS_A_B;NB47W;0.11591091860407605
1FSS_A_B;NB47R;-0.5346366543548212
1B41_A_B;TB8V;1.135853893959554
1B41_A_B;TB9I;0.02467665051781746
1B41_A_B;TB9N;3.6091554169347817
1B41_A_B;TB8V,TB9I;0.394487831350231
1B41_A_B;TB8V,TB9N;2.4265783033564055
1B41_A_B;RB11K;0.6247976934754453
1B41_A_B;AB12S;0.706603957913924
1B41_A_B;RB27F;2.1071104206066584
1B41_A_B;RB27M;1.4828851330913908
1B41_A_B;RB27Y;2.39543338545165
1B41_A_B;HB29K;-0.887503918552333
1B41_A_B;HB29R;-0.40919125635976517
1B41_A_B;KB32R;0.3912431442198785
1B41_A_B;MB33F;0.7784682650864327
1B41_A_B;MB33L;1.8105743709833504
1B41_A_B;MB33Q;1.5951230557303202
1B41_A_B;MB33Y;0.706603957913924
1B41_A_B;VB34T;1.213767349963214
1B41_A_B;LB35W;1.3038883299632915
1B41_A_B;NB47F;-0.14166079808752788
1B41_A_B;NB47W;0.03663976284431868
1B41_A_B;NB47R;-0.030373525325609982
1FSS_A_B;TB8V,TB9N,RB11K,HB29R,KB32R;0.8014830176762252
1FSS_A_B;TB8V,TB9N,RB11K,HB29R;-0.39164970374130337
4HRN_A_D;LD17A;2.5970730177748917
4HRN_A_D;SD43A;0.8026780814919271
4HRN_A_D;VD44A;2.810509821435678
4HRN_A_D;FD47A;2.4593248138232675
1N8Z_AB_C;LC509A;-0.023043916268770635
1N8Z_AB_C;SC535A;0.03082537877729026
1N8Z_AB_C;VC536A;0.008972200733389949
1N8Z_AB_C;FC539A;0.03510087691595375
3R9A_AC_B;AA323W;0.3385855127209579
3R9A_AC_B;YA325A;1.0140695667940722
3R9A_AC_B;YA325W;0.48207238224951576
3R9A_AC_B;VA331D;0.0
3R9A_AC_B;GA165R;0.04869761221920917
3G6D_LH_A;HH104A;-0.9530349683520982
3G6D_LH_A;WH105A;-1.4964252208364448
3G6D_LH_A;KH210T,KH215T;-0.13294043259088004
3G6D_LH_A;EL3V,GL76R,TL77V,QL78E,EL80G;0.1398091368611066
3G6D_LH_A;TL89S,ML92I,VL93D,TL94K;0.7979323430330131
3G6D_LH_A;EL3V,GL76R,TL77V,QL78E,EL80G,TL89S,ML92I,VL93D,TL94K;0.27143596052624264
3G6D_LH_A;EL3V,GL76R,TL77V,QL78E,EL80G,FH103A,HH104A,WH105A;4.620024617431213
3G6D_LH_A;EL3V,GL76R,TL77V,QL78E,EL80G,DH54N;0.11117193869724126
3Q8D_A_E;RA202A;0.4578474229852782
3Q8D_A_E;RA202E;1.3829014103562731
3Q8D_A_E;RA209A;1.322630388963617
3Q8D_A_E;RA209E;3.029456971884331
3Q8D_A_E;FA227A;0.302487395393201
3Q8D_A_E;FA227D;3.029456971884331
3Q8D_A_E;RA228A;0.3589256919510788
3Q8D_A_E;RA228E;1.2061476171816419
3Q8D_A_E;RA131A;3.029456971884331
3Q8D_A_E;RA97A;0.4578474229852782
3Q8D_A_E;RA12A;0.3589256919510788
1XGU_AB_C;FB33L;1.8616667972360799
1XGU_AB_C;FB33I;1.8003547783534757
1XGU_AB_C;FB33V;2.9079210073048523
1XGU_AB_C;FB33A;4.060436238393261
1XGP_AB_C;AB33F;-4.060436238393261
1XGP_AB_C;AB33L;-2.198769441157181
1XGP_AB_C;AB33I;-2.260081460039785
1XGP_AB_C;AB33V;-1.1525152310884086
1XGQ_AB_C;VB33F;-2.9079210073048523
1XGQ_AB_C;VB33L;-1.0462542100687724
1XGQ_AB_C;VB33I;-1.1075662289513766
1XGQ_AB_C;VB33A;1.1525152310884086
1XGR_AB_C;IB33F;-1.8003547783534757
1XGR_AB_C;IB33L;0.06131201888260414
1XGR_AB_C;IB33V;1.1075662289513766
1XGR_AB_C;IB33A;2.260081460039785
1XGT_AB_C;LB33F;-1.8616667972360796
1XGT_AB_C;LB33I;-0.061312018882604125
1XGT_AB_C;LB33V;1.0462542100687724
1XGT_AB_C;LB33A;2.198769441157181
3RF3_A_C;AC8K;1.7283618259665363
3AAA_AB_C;KA248A;2.445145786119899
3AAA_AB_C;KA248E;3.3904487910852357
3AAA_AB_C;RA252A;2.995028761277531
3AAA_AB_C;RA252E;3.932073210026406
3AAA_AB_C;RA258A;2.2069934452401685
3AAA_AB_C;RA258E;3.502041099052669
3AAA_AB_C;KA248A,RA258A;4.714420373131893
3AAA_AB_C;WC7A;3.3300163826239375
3AAA_AB_C;DC43A;5.036611469448485
3AAA_AB_C;EC77A;1.932095229192554
3AAA_AB_C;EC77R;4.0218225800934615
3BT1_A_U;LU1A;0.3365675909760962
3BT1_A_U;RU2A;0.09335444939494189
3BT1_A_U;MU4A;0.03678392225331115
3BT1_A_U;QU5A;0.060075766213550354
3BT1_A_U;KU7A;0.26887898671752736
3BT1_A_U;TU8A;0.173788125503916
3BT1_A_U;NU9A;0.29993800098379286
3BT1_A_U;GU10A;0.2608482600681453
3BT1_A_U;DU11A;-0.025880636359004915
3BT1_A_U;RU13A;0.26887898671752736
3BT1_A_U;VU14A;0.27680044838559165
3BT1_A_U;EU15A;0.11452836285945907
3BT1_A_U;EU16A;0.08247154466218153
3BT1_A_U;AU18S;0.07138133408737228
3BT1_A_U;LU19A;0.173788125503916
3BT1_A_U;GU20A;0.0
3BT1_A_U;QU21A;0.3074506013631143
3BT1_A_U;DU22A;0.22756957688675383
3BT1_A_U;LU23A;0.452109389167575
3BT1_A_U;RU25A;0.9993989593634977
3BT1_A_U;TU26A;0.18310381946199755
3BT1_A_U;TU27A;0.8950645806441281
3BT1_A_U;IU28A;0.07138133408737228
3BT1_A_U;VU29A;0.7035010789327383
3BT1_A_U;RU30A;0.452109389167575
3BT1_A_U;LU31A;0.3074506013631143
3BT1_A_U;WU32A;-0.01279652502981594
3BT1_A_U;EU33A;0.37102844400778556
3BT1_A_U;EU34A;0.3365675909760962
3BT1_A_U;GU35A;0.3148674972215919
3BT1_A_U;EU36A;0.09335444939494189
3BT1_A_U;EU37A;0.04854631121862957
3BT1_A_U;LU38A;0.5128697156613337
3BT1_A_U;EU39A;0.15469728564338747
3BT1_A_U;LU40A;0.8556724671165205
3BT1_A_U;VU41A;0.4805159229861851
3BT1_A_U;EU42A;-0.19337444703220832
3BT1_A_U;KU43A;0.21894396058589946
3BT1_A_U;SU44A;0.21894396058589946
3BT1_A_U;TU46A;0.452109389167575
3BT1_A_U;HU47A;0.3842612511496184
3BT1_A_U;SU48A;0.39719997143016994
3BT1_A_U;EU49A;-0.025880636359004915
3BT1_A_U;KU50A;0.6311326548356992
3BT1_A_U;TU51A;0.6997081114382377
3BT1_A_U;NU52Q;0.6225070385348449
3BT1_A_U;RU53A;0.8728821471781855
3BT1_A_U;TU54A;0.3842612511496184
3BT1_A_U;LU55A;1.0917417343922624
3BT1_A_U;SU56A;0.04854631121862957
3BT1_A_U;YU57A;1.1798252422320097
3BT1_A_U;RU58A;-0.06699548697284925
3BT1_A_U;TU59A;0.5435198686388564
3BT1_A_U;GU60A;0.29232719389912865
3BT1_A_U;LU61A;-0.1267626295633538
3BT1_A_U;KU62A;0.40985739277965805
3BT1_A_U;IU63A;0.11452836285945907
3BT1_A_U;TU64A;0.6480097336593885
3BT1_A_U;SU65A;0.3074506013631143
3BT1_A_U;LU66A;1.3531288361936804
3BT1_A_U;TU67A;0.18310381946199755
3BT1_A_U;EU68A;0.04854631121862957
3BT1_A_U;VU69A;0.21894396058589946
3BT1_A_U;VU70A;0.14491187124736898
3BT1_A_U;GU72A;0.236069267275742
3BT1_A_U;LU73A;0.22756957688675383
3BT1_A_U;DU74A;0.29993800098379286
3BT1_A_U;LU75A;0.5076007344409247
3BT1_A_U;QU78A;0.236069267275742
3BT1_A_U;GU79A;0.21894396058589946
3BT1_A_U;NU80A;0.20129962693835646
3BT1_A_U;SU81A;0.25270521192690487
3BT1_A_U;GU82A;0.09335444939494189
3BT1_A_U;VU83A;0.27680044838559165
3BT1_A_U;TU84A;-0.08137198163235454
3BT1_A_U;YU85A;0.24444665571044308
3BT1_A_U;SU86A;0.236069267275742
3BT1_A_U;RU87A;0.236069267275742
3BT1_A_U;SU88A;0.1922728034656068
3BT1_A_U;RU89A;0.27680044838559165
3BT1_A_U;YU90A;0.173788125503916
3BT1_A_U;LU91A;-0.15911642223850234
3BT1_A_U;EU92A;0.20129962693835646
3BT1_A_U;IU94A;0.18310381946199755
3BT1_A_U;SU95A;0.8556724671165205
3BT1_A_U;GU97A;-0.6524288702545035
3BT1_A_U;SU98A;1.1365498725685748
3BT1_A_U;SU99A;0.29232719389912865
3BT1_A_U;DU100A;1.6627986230144112
3BT1_A_U;MU101A;0.4035630779489454
3BT1_A_U;SU102A;0.6003667871700796
3BT1_A_U;EU104A;0.8007630493791154
3BT1_A_U;RU105A;0.39719997143016994
3BT1_A_U;RU107A;0.2608482600681453
3BT1_A_U;HU108A;0.40985739277965805
3BT1_A_U;QU109A;0.08247154466218153
3BT1_A_U;SU110A;0.24444665571044308
3BT1_A_U;LU111A;1.4393280827535904
3BT1_A_U;QU112A;-0.1267626295633538
3BT1_A_U;RU114A;0.21018863091673712
3BT1_A_U;SU115A;0.012521309495859934
3BT1_A_U;PU116A;-0.24886579230555794
3BT1_A_U;EU117A;-0.28903471508948636
3BT1_A_U;EU118A;0.0
3BT1_A_U;QU119A;-0.06699548697284925
3BT1_A_U;LU121A;0.452109389167575
3BT1_A_U;DU122A;0.774591521956731
3BT1_A_U;VU123A;0.774591521956731
3BT1_A_U;VU124A;0.7329867946196293
3BT1_A_U;TU125A;0.9855907599675046
3BT1_A_U;HU126A;0.3842612511496184
3BT1_A_U;WU127A;-0.42944371430795036
3BT1_A_U;IU128A;-0.3102086285540036
3BT1_A_U;QU129A;-0.09611247658583112
3BT1_A_U;EU130A;0.03678392225331115
3BT1_A_U;GU131A;-0.21129027448333865
3BT1_A_U;EU132A;-0.15911642223850234
3BT1_A_U;EU133A;-0.14271481788080012
3BT1_A_U;GU134A;-0.08137198163235454
3BT1_A_U;PU136A;0.3294237166706839
3BT1_A_U;DU138A;1.273612039724971
3BT1_A_U;DU139A;1.030398898143817
3BT1_A_U;LU142A;0.7110136793120597
3BT1_A_U;GU144A;1.2293716426480037
3BT1_A_U;GU146A;1.4153381612081386
3BT1_A_U;YU147A;-0.1112358840498168
3BT1_A_U;LU148A;1.6337002939501801
3BT1_A_U;PU149A;0.586666897410943
3BT1_A_U;GU150A;0.5076007344409247
3BT1_A_U;PU152A;0.452109389167575
3BT1_A_U;SU154A;-0.039265558054607755
3BT1_A_U;NU155A;0.591269438780371
3BT1_A_U;GU156A;-0.2297749524450294
3BT1_A_U;FU157A;0.688178656443317
3BT1_A_U;HU158A;0.20129962693835646
3BT1_A_U;NU159A;0.36429751989433773
3BT1_A_U;NU160Q;0.3842612511496184
3BT1_A_U;DU161A;-0.09611247658583112
3BT1_A_U;TU162A;-0.08137198163235454
3BT1_A_U;FU163A;1.0453010979868882
3BT1_A_U;HU164A;1.010660789232473
3BT1_A_U;FU165A;0.12483338322592526
3BT1_A_U;LU166A;0.7329867946196293
3BT1_A_U;KU167A;0.27680044838559165
3BT1_A_U;NU170Q;0.173788125503916
3BT1_A_U;TU171A;0.26887898671752736
3BT1_A_U;TU172A;0.4035630779489454
3BT1_A_U;KU173A;0.6803635263345371
3BT1_A_U;EU176A;0.024778992792403358
3BT1_A_U;GU177A;0.32219109631659093
3BT1_A_U;PU178A;-0.268603901216902
3BT1_A_U;IU179A;0.35748786973773783
3BT1_A_U;LU180A;0.6603540501606515
3BT1_A_U;EU181A;0.452109389167575
3BT1_A_U;LU182A;0.7184305751705374
3BT1_A_U;EU183A;0.3842612511496184
3BT1_A_U;NU184A;0.32219109631659093
3BT1_A_U;LU185A;0.20129962693835646
3BT1_A_U;PU186A;-0.01279652502981594
3BT1_A_U;QU187A;-0.1759935010621916
3BT1_A_U;NU188A;-0.2297749524450294
3BT1_A_U;GU189A;-0.09611247658583112
3BT1_A_U;RU190A;0.3148674972215919
3BT1_A_U;QU191A;-0.19337444703220832
3BT1_A_U;YU193A;-0.06699548697284925
3BT1_A_U;SU194A;-0.268603901216902
3BT1_A_U;KU196A;0.24444665571044308
3BT1_A_U;GU197A;0.024778992792403358
3BT1_A_U;NU198Q;0.012521309495859934
3BT1_A_U;SU199A;-0.1267626295633538
3BT1_A_U;TU200A;-0.2297749524450294
3BT1_A_U;HU201A;0.012521309495859934
3BT1_A_U;GU202A;-0.4035630779489454
3BT1_A_U;SU204A;-0.21129027448333865
3BT1_A_U;SU205A;-0.21129027448333865
3BT1_A_U;EU206A;-0.1112358840498168
3BT1_A_U;EU207A;-0.24886579230555794
3BT1_A_U;TU208A;0.22756957688675383
3BT1_A_U;FU209A;0.1922728034656068
3BT1_A_U;LU210A;-0.5147989619987623
3BT1_A_U;IU211A;0.14491187124736898
3BT1_A_U;DU212A;-0.06699548697284925
3BT1_A_U;RU214A;-0.025880636359004915
3BT1_A_U;GU215A;-0.09611247658583112
3BT1_A_U;PU216A;-0.1112358840498168
3BT1_A_U;MU217A;1.010660789232473
3BT1_A_U;NU218A;-0.1759935010621916
3BT1_A_U;QU219A;-0.06699548697284925
3BT1_A_U;LU221A;0.2608482600681453
3BT1_A_U;VU222A;-0.48493505958129995
3BT1_A_U;AU223S;-0.2297749524450294
3BT1_A_U;TU224A;-0.21129027448333865
3BT1_A_U;GU225A;0.6997081114382377
3BT1_A_U;TU226A;-0.025880636359004915
3BT1_A_U;HU227A;0.2608482600681453
3BT1_A_U;EU228A;0.173788125503916
3BT1_A_U;PU229A;0.04854631121862957
3BT1_A_U;KU230A;0.2608482600681453
3BT1_A_U;NU231A;0.3294237166706839
3BT1_A_U;QU232A;0.09335444939494189
3BT1_A_U;SU233A;-0.1759935010621916
3BT1_A_U;YU234A;0.18310381946199755
3BT1_A_U;MU235A;0.04854631121862957
3BT1_A_U;VU236A;0.15469728564338747
3BT1_A_U;RU237A;0.1922728034656068
3BT1_A_U;GU238A;-0.08137198163235454
3BT1_A_U;AU240S;-0.1759935010621916
3BT1_A_U;TU241A;0.343624870732194
3BT1_A_U;AU242S;-0.3102086285540036
3BT1_A_U;SU243A;-0.06699548697284925
3BT1_A_U;MU244A;0.12483338322592526
3BT1_A_U;QU246A;0.452109389167575
3BT1_A_U;HU247A;0.04854631121862957
3BT1_A_U;AU248S;0.12483338322592526
3BT1_A_U;HU249A;0.27680044838559165
3BT1_A_U;LU250A;0.40985739277965805
3BT1_A_U;GU251A;0.173788125503916
3BT1_A_U;DU252A;0.060075766213550354
3BT1_A_U;AU253S;0.20129962693835646
3BT1_A_U;FU254A;0.8785074899852631
3BT1_A_U;SU255A;0.21018863091673712
3BT1_A_U;MU256A;0.7257541742655365
3BT1_A_U;NU257A;-0.2297749524450294
3BT1_A_U;HU258A;0.04854631121862957
3BT1_A_U;IU259A;0.13495917673204344
3BT1_A_U;DU260A;0.10403765649197924
3BT1_A_U;VU261A;0.236069267275742
3BT1_A_U;SU262A;-0.06699548697284925
3BT1_A_U;TU265A;0.060075766213550354
3BT1_A_U;KU266A;0.09335444939494189
3BT1_A_U;SU267A;-0.14271481788080012
3BT1_A_U;GU268A;-0.28903471508948636
3BT1_A_U;HU271A;0.14491187124736898
3BT1_A_U;PU272A;-0.01279652502981594
3BT1_A_U;DU273A;0.04854631121862957
3LB6_A_C;IA10A;3.7212585756029344
3LB6_A_C;KA100A;5.811500434376477
3LB6_A_C;KA101A;2.543991148143398
3LB6_A_C;FA103A;5.114732248745065
4K71_A_BC;GA503E;0.7418285022421142
4K71_A_BC;MA416V,AA418T;1.0919962553006552
4K71_A_BC;GA503R,AA545V;1.667155308747027
4K71_A_BC;AA545V;1.4702534360889945
4K71_A_BC;MA416V,AA418T,GA503R;2.3214558087466517
4K71_A_BC;GA503E,AA545V;2.8479468967555084
4K71_A_BC;MA416V,AA418T,AA545V;2.8527546681162526
4K71_A_BC;MA416V,AA418T,GA503R,AA545V;2.8898730681303957
4K71_A_BC;MA416V,GA503E,AA545V;2.926212930274612
4K71_A_BC;AA418T,GA503E,AA545V;3.1274669953947893
4K71_A_BC;MA416V,AA418T,GA503E,AA545V;3.6347750128974914
4K71_A_BC;HA462A;1.0510449918625566
4K71_A_BC;HA462F;1.009473264909976
4K71_A_BC;HB157A;0.6439312592137971
4K71_A_BC;HB157F;0.18497389416091195
3UIG_A_P;EA47A;0.6464210481083207
3UIG_A_P;KA58A;0.4463489273320394
3UIG_A_P;EA61A;1.7576759290197
3UIG_A_P;DA67A;2.038205265269361
3UIG_A_P;EA72A;1.7921561664340377
3UII_A_P;KA58A;0.045572782172495066
3UII_A_P;KA58Y,HA76W;0.03450416234190595
3UIH_A_P;KA58Y,HA76W;-1.0718629072377466
3N85_A_LH;WL91F;0.13958390375393506
3N85_A_LH;WL94Y;-0.03871665717791153
3N85_A_LH;WH30K;-0.7845597776427167
3N85_A_LH;WH30R;-0.5539366894220245
3N85_A_LH;SH32Y;0.05711932471769864
3N85_A_LH;SH32A;-0.1340122046838195
3N85_A_LH;SH50G;0.48764408131963116
3N85_A_LH;SH52Y;-0.7845597776427167
3N85_A_LH;WH100F;-0.015184265798171115
4N8V_G_ABC;PG10A;-0.21656536168569002
4N8V_G_ABC;KG38A;0.587762634274862
4N8V_G_ABC;YG39F;0.5152921186669537
4N8V_G_ABC;YG124A;0.12028107806812603
4CVW_A_C;DA720W;1.22067973101996
4CVW_A_C;DA720R;3.0461384671013794
4CVW_A_C;RC27A;1.8278039031850926
4CVW_A_C;RC31A;2.0764220035322327
4CVW_A_C;RC31W;1.4899535288821955
4CVW_A_C;LC34G;2.72696957649113
4CVW_A_C;LC34W;0.3353933005713384
4CVW_A_C;VC35D;4.9183618250067545
4CVW_A_C;LC34G,VC35D;7.741567622624475
4B0M_A_BM;AB127G;0.29757322677771103
4B0M_A_BM;PM98A;0.40553565127797675
4B0M_A_BM;PM98S;0.757693796200106
4B0M_A_BM;PM99A;1.9148139598636094
4B0M_A_BM;PM99S;1.9932820278790708
4B0M_A_BM;PM98S,PM99A;2.071507834916743
4B0M_A_BM;YM9G;0.6289519091263585
4B0M_A_BM;YM37A;1.6521084151532193
4B0M_A_BM;YM9G,YM37A;2.2036431634819076
4B0M_A_BM;LM40A;1.9080242418434112
4B0M_A_BM;MA8A;0.4297085553428759
4B0M_A_BM;TA7G,MA8A;0.44143475871654947
3M62_A_B;EA32A;0.82929912699685
3M62_A_B;DA46A;2.798592138847179
3M62_A_B;LA50A;2.827840252520078
3M62_A_B;TA54A;0.016681495217048637
3M62_A_B;EA55A;1.0510449918625566
3M62_A_B;RA98A;0.7882957769105214
3M62_A_B;GA102A;1.2642553648585375
3M62_A_B;YA103A;4.474966289930113
3M62_A_B;IA110A;1.8530057456838507
3M62_A_B;FB7A;0.9954663430525986
3M62_A_B;KB8A;0.49687700134790946
3M62_A_B;IB43A;2.8823296040832065
3M62_A_B;SB45A;1.278095986379304
3M62_A_B;VB48A;1.0898886798078102
3M62_A_B;QB50A;1.053905644381046
3M62_A_B;QB65A;0.2835781163833787
3M62_A_B;VB67A;1.1375960678502883
3M62_A_B;MB69A;0.6807800924689357
3M63_A_B;EA33A;0.6460186490108374
3M63_A_B;DA46A;2.2330820402517073
3M63_A_B;LA50A;0.5761308742497396
3M63_A_B;TA54A;0.3112203965064394
3M63_A_B;EA55A;0.34617733362740305
3M63_A_B;RA98A;-0.18519951958551012
3M63_A_B;GA102A;0.12464391971731448
3M63_A_B;YA103A;3.648739892307011
3M63_A_B;VA106A;1.8380137064478916
3M63_A_B;IA110A;1.0885444024547952
3M63_A_B;FA113A;1.7906161033560801
3M63_A_B;GB8F,QB9K,SB65Q,HB67V,VB69M;0.18703356204508495
3SEK_B_C;LC11E;2.8858231476659273
3SEK_B_C;LC44E;4.45350658153835
3SEK_B_C;FC47E;4.45350658153835
3SEK_B_C;LC48E;4.213408828472919
3SEK_B_C;LC44A;2.679571973399318
3SEK_B_C;FC47A;2.2282677542239036
3SEK_B_C;LC48A;3.407131016018862
3HH2_AB_C;VC15E;0.6840459283312212
3HH2_AB_C;FC47E;0.7129372152866676
3HH2_AB_C;IC51E;0.861754039068881
3HH2_AB_C;FC52E;0.8161812568963859
3HH2_AB_C;FC47A;1.324641100300311
3HH2_AB_C;IC51A;0.7129372152866676
3HH2_AB_C;FC52A;1.2722038589623479
3B4V_AB_C;LC16E;0.8208996397869334
3B4V_AB_C;LC49E;4.131308764018642
3B4V_AB_C;FC52E;3.8792478986267103
3B4V_AB_C;LC53E;4.090454364736694
3B4V_AB_C;LC49A;3.5787712145702035
3B4V_AB_C;FC52A;3.8482379907361492
3B4V_AB_C;LC53A;3.3914508257238243
2B0U_AB_C;VC15E;0.0
2B0U_AB_C;FC47E;0.4104498198934667
2B0U_AB_C;IC51E;0.24009775306543044
2B0U_AB_C;FC52E;0.0
2B0U_AB_C;FC47A;0.5425851484586315
2B0U_AB_C;IC51A;0.0
2B0U_AB_C;FC52A;0.0
4HFK_A_BD;RB22A;1.3914319018630115
4HFK_A_BD;LB45A;2.5241936012257034
4HFK_A_BD;EB46A;1.1879739116418995
4HFK_A_BD;SB48A;0.2014405879174773
4HFK_A_BD;NB49A;-0.020150849011588177
4HFK_A_BD;LB50A;0.03004323587592344
4HFK_A_BD;EB56A;0.9419248128065764
4HFK_A_BD;TD72A;1.8492793248482895
3KBH_A_E;DA20A;0.8729677768807612
3KBH_A_E;YA23A;1.8118791542942863
3KBH_A_E;YA23F;1.615081036964234
3KBH_A_E;YE17A;0.09996793964502887
3KBH_A_E;SE54A;1.8563991871752679
3KBH_A_E;SE54T;2.4894187259313485
2AJF_A_E;DA20A;0.5851084796652092
2AJF_A_E;YA23A;1.4516702900948346
2AJF_A_E;YA23F;1.3970911910444628
4I77_HL_Z;YH100F;0.0
4I77_HL_Z;YH100A;0.0
4I77_HL_Z;YH101F;0.0
4I77_HL_Z;YH101A;1.653747058352201
4I77_HL_Z;YH103F;0.327930398049721
4I77_HL_Z;YH103A;2.1973161297168717
4I77_HL_Z;DH54A;2.619139979794416
4I77_HL_Z;WH52F;2.516000719872075
4I77_HL_Z;WH52A;2.5699517453501075
4I77_HL_Z;YL32F;0.0
4I77_HL_Z;YL32A;0.8150205726923989
4I77_HL_Z;NL95A;1.3800764999573225
2AW2_A_B;PB16A;2.5742950588066598
2AW2_A_B;YB22A;1.8841358024882247
2AW2_A_B;VB35A;1.095840025577703
3L5X_A_HL;HL91Q,NL92D,EL93L,YL94G;-1.7850328645612883
3L5X_A_HL;NL92D,EL93W,YL94G;-1.6824293356367286
3L5X_A_HL;HL91Q,NL92D,EL93I,YL94G;-1.550294007071564
3L5X_A_HL;NL92E,EL93W,YL94G;-1.550294007071564
3L5X_A_HL;NL92D,EL93P,YL94G;-1.4698785921737296
3L5X_A_HL;HL91Q,NL92D,EL93Y,YL94G;-1.4513722760373646
3L5X_A_HL;NL92S,EL93W,YL94G;-1.2719795157432618
3L5X_A_HL;NL92E,EL93S,YL94G;-1.2652884398088455
3L5X_A_HL;NL92S,EL93H,YL94G;-1.2456572302996325
3L5X_A_HL;NL92F,EL93W,YL94G;-1.2329222465802936
3L5X_A_HL;NL92D,EL93W,YL94E;-1.196282483735975
3L5X_A_HL;NL92S,EL93Y,YL94G;-0.9641332247743549
3L5X_A_HL;HL91P,NL92L,EL93D,YL94V;-0.858174707160086
3L5X_A_HL;NL92V,EL93W,YL94G;-0.8352074104061658
3L5X_A_HL;YL94A;-0.8288056840595708
3L5X_A_HL;NL92L,EL93M,YL94G;-0.8256305884112226
3L5X_A_HL;HL91P,NL92L,EL93D,YL94T;-0.8100055679074074
3L5X_A_HL;NL92D,EL93Y,YL94A;-0.8069294367315373
3L5X_A_HL;NL92S,EL93I,YL94G;-0.8069294367315373
3L5X_A_HL;EL93H,YL94G;-0.762607964815596
3L5X_A_HL;NL92D,EL93W,YL94S;-0.7160869776051142
3L5X_A_HL;NL92L,EL93N,YL94G;-0.6953982735450591
3L5X_A_HL;NL92L,EL93D,YL94S;-0.6170130533850128
3L5X_A_HL;HL91P,NL92I,EL93D,YL94A;-0.6466337852831232
3L5X_A_HL;HL91P,NL92L,EL93D,YL94S;-0.6327545424257075
3L5X_A_HL;NL92L,EL93L,YL94G;-0.6259350361180257
3L5X_A_HL;NL92D,EL93N,YL94S;-0.5340087074034043
3L5X_A_HL;NL92D,EL93R,YL94D;-0.5225102117501655
3L5X_A_HL;NL92S,EL93V,YL94G;-0.5168436238216315
3L5X_A_HL;NL92V,EL93G,YL94G;-0.46297432877557065
3L5X_A_HL;HL91P,NL92L,YL94A;-0.44438880002191217
3L5X_A_HL;NL92D,EL93L,YL94G;-0.4296047165105466
3L5X_A_HL;EL93F,YL94G;-0.42798459533659605
3L5X_A_HL;NL92S,EL93W,YL94A;-0.303011193675647
3L5X_A_HL;NL92S,EL93S,YL94G;-0.24919886115376969
4UYP_A_D;SD15I,ID16N;-0.26364985244573147
4UYP_A_D;ID51S,ND52I,SD15I,ID16N;-0.2182939314156881
4UYP_A_D;RD14N,KD50N,SD15I,ID16N;0.7118772075714924
4UYP_A_D;ID51S,ID16N;2.039391987490384
4UYP_A_D;ND52I,SD15I;3.964068081577429
4UYP_A_D;AD18F,AD54F,SD15I,ID16N;4.8356127079640565
4UYP_A_D;LD20Y,LD56Y,SD15I,ID16N;0.24815472464480728
4UYP_A_D;DD23Q,DD59Q,SD15I,ID16N;4.620548466663764
4UYQ_A_B;SB51I,IB52N;-0.04535592103004335
4UYQ_A_B;IB15S,NB16I,SB51I,IB52N;0.21829393141568804
4UYQ_A_B;RB14N,KB50N,SB51I,IB52N;0.9301711389871805
4UYQ_A_B;IB15S,IB52N;2.257685918906072
4UYQ_A_B;NB16I,SB51I;4.182362012993117
4UYQ_A_B;AB18F,AB54F,SB51I,IB52N;5.053906639379744
4UYQ_A_B;LB20Y,LB56Y,SB51I,IB52N;0.4664486560604954
4UYQ_A_B;DB23Q,DB59Q,SB51I,IB52N;4.838842398079453
1CHO_EFG_I;KI10T,PI11E,AI12Y;-0.9322747449192813
1CHO_EFG_I;KI10T,PI11E,AI12Y,LI15G,RI18M,GI29P,NI33V;5.82202160833697
1CHO_EFG_I;KI10S,PI11D,AI12Y;-1.0223602979043567
1CHO_EFG_I;KI10S,PI11D,AI12Y,LI15G,EI16I,RI18K;7.193294110729023
1PPF_E_I;KI13T,PI14E,AI15Y;-0.7480040088415406
1PPF_E_I;KI13T,PI14E,AI15Y,LI18G,RI21M,GI32P,NI36V;1.7506568210159847
1PPF_E_I;KI13S,PI14D,AI15Y;-0.12365632782305898
1PPF_E_I;KI13S,PI14D,AI15Y,LI18G,EI19I,RI21K;3.9887112691674
1R0R_E_I;KI8T,PI9E,AI10Y;-0.8635311116345047
1R0R_E_I;KI8T,PI9E,AI10Y,LI13G,RI16M,GI27P,NI31V;2.391279896549745
1R0R_E_I;KI8S,PI9D,AI10Y;-1.9094694633576281
1R0R_E_I;KI8S,PI9D,AI10Y,LI13G,EI14I,RI16K;0.7900473992762085
3SGB_E_I;KI7T,PI8E,AI9Y;-3.8171404886597413
3SGB_E_I;KI7T,PI8E,AI9Y,LI12G,RI15M,GI26P,NI30V;1.827689973757382
3SGB_E_I;KI7S,PI8D,AI9Y;-4.093992005644848
3SGB_E_I;KI7S,PI8D,AI9Y,LI12G,EI13I,RI15K;0.09460466104572002
4JPK_HL_A;VA30N;0.5945618204961777
4JPK_HL_A;SA41G;2.1515755257081604
4JPK_HL_A;FA63L;1.1672218539850951
4JPK_HL_A;RA81T;0.7586608839218709
4JPK_HL_A;RA130K;0.23005326686904723
4JPK_HL_A;FA144I;1.3874403482376645
4JPK_HL_A;TA35S;-0.03209157465370507
4JPK_HL_A;DA141R;3.8571087249628127
4JPK_HL_A;DA159N,DA33N;0.6189337344502611
2VN5_A_B;SB42A,TB43F;0.2642615714937552
2VN5_A_B;SB42A,TB43F,TA35A;0.3138608064243299
2VN5_A_B;SB42A,TB43F,NA37A;1.2257820124046976
2VN5_A_B;SB42A,TB43F,YA39A;1.2974091277720845
2VN5_A_B;SB42A,TB43F,SA66A;-0.09088569629568337
2VN5_A_B;SB42A,TB43F,SA75A;0.0
2VN5_A_B;SB42A,TB43F,LA77A;3.2548216265957954
2VN5_A_B;SB42A,TB43F,LA79A;2.9401802909897192
2VN5_A_B;SB42A,TB43F,NA81A;0.6124115830513905
2VN5_A_B;SB42A,TB43F,IA83A;0.949745558038915
2VN5_A_B;SB42A,TB43F,MA125G;1.5974275906099347
2VN5_A_B;SB42A,TB43F,KA127G;0.5229234186886185
2VN5_A_B;SB42A,TB43F,TA35A,NA37A;1.6853088025941938
2VN5_A_B;SB42A,TB43F,TA35A,NA37A,YA39A;3.768224180721022
2VN5_A_B;SB42A,TB43F,TA35A,NA37A,NA81A;3.160977395042454
2VN5_A_B;SB42A,TB43F,TA35A,NA37A,YA39A,NA81A;5.212733941581705
2VN5_A_B;SB42A,TB43F,SA66A,SA68A,SA75A;0.14144611788040048
2VN5_A_B;SB42A,TB43F,LA77A,LA79A;5.928424400470848
2VN5_A_B;SB42A,TB43F,MA125G,KA127A;2.4194352108669643
2VN5_A_B;SB42A,TB43F,AB14S,LB15T;0.3597400492960886
2VN5_A_B;SB42A,TB43F,AB14Q,LB15Q;0.15584736718352024
2VN5_A_B;AB14S,LB15T;1.31835361504537
2VN5_A_B;SB42Q,TB43Q;0.9701482758726304
2VN5_A_B;SB42A,TB43F,FB17A,LB45A;5.127502094792575
4FZA_A_B;FA168E;0.5425851484586315
4FZA_A_B;YA213A;1.270144191078175
4FZA_A_B;RA217A;1.0273799314561665
4FZA_A_B;EB122A;0.4251983247152614
1BJ1_HL_VW;YH27A;2.242403910896219
1BJ1_HL_VW;YH54A;1.3275856808069921
1BJ1_HL_VW;TH59A;0.8506196937351784
1BJ1_HL_VW;YH99A;4.438514542302391
1BJ1_HL_VW;HH107A;0.7896087573147333
1BJ1_HL_VW;ML4L,TH28D,NH31H,HH101Y,SH105T;-1.6580047215588185
1CZ8_HL_VW;LL4M,DH28T,HH31N,YH101H,TH105S;2.3671998295388943
1BJ1_HL_VW;HH101Y,YH103R,SH105T;-1.1730577847090626
1BJ1_HL_VW;HH101Y,SH105T;-1.343409851537099
1BJ1_HL_VW;HH101Y,YH103I,GH104A,SH105K;-0.43122928246694864
1BJ1_HL_VW;HH101Y,YH103W,SH105T;-1.040922456143898
1BJ1_HL_VW;HH101Y,YH103R,GH104N,SH105T;-0.762607964815596
1BJ1_HL_VW;YH54W;-0.13726223435545723
1BJ1_HL_VW;TH28D,NH31H;-0.6928622785782018
1BJ1_HL_VW;LH72V,TH74V;0.670622509667363
1BJ1_HL_VW;LH72I,TH74K;0.0765132332663437
1BJ1_HL_VW;TH28D,NH31H,YH54W,HH101Y,SH105T;-1.2034313100346727
1BJ1_HL_VW;TH28D,NH31H,HH101Y,SH105T;-1.7538596714305656
1BJ1_HL_VW;TH28D;-0.22002281635696452
1BJ1_HL_VW;NH31H;-0.762607964815596
1BJ1_HL_VW;HH101Y;-1.5835076046025294
1BJ1_HL_VW;SH105T;-0.3903748831850008
1BJ1_HL_VW;HH101Y,YH103R,GH104D,SH105N;-0.9953496739714028
1CZ8_HL_VW;LL4M,DH28T,HH31N,YH103R;0.6216562860034507
1CZ8_HL_VW;LL4M,DH28T,HH31N;0.4513042191754144
1CZ8_HL_VW;LL4M,DH28T,HH31N,TH105K,YH103I,GH104A;1.3634847882455647
1CZ8_HL_VW;LL4M,DH28T,HH31N,YH103W;0.7537916145686154
1CZ8_HL_VW;LL4M,DH28T,HH31N,YH103R,GH104N;1.0321061058969174
1CZ8_HL_VW;LL4M,DH28T,HH31N,YH101H,TH105S,YH54W;1.657451836357056
1CZ8_HL_VW;LL4M,YH101H,TH105S;1.1018517921343116
1CZ8_HL_VW;LL4M,DH28T,HH31N,YH101H,TH105S,LH72V,TH74V;2.4653365803798764
1CZ8_HL_VW;LL4M,DH28T,HH31N,YH101H,TH105S,LH72I,TH74K;1.871227303978857
1CZ8_HL_VW;LL4M,YH54W;0.5912827606778406
1CZ8_HL_VW;LL4M;0.0408543992819477
1CZ8_HL_VW;LL4M,HH31N,YH101H,TH105S;1.5746912543555487
1CZ8_HL_VW;LL4M,DH28T,YH101H,TH105S;1.0321061058969174
1CZ8_HL_VW;LL4M,DH28T,HH31N,TH105S;0.21120646610998398
1CZ8_HL_VW;LL4M,DH28T,HH31N,YH101H;1.4043391875275126
1CZ8_HL_VW;LL4M,DH28T,HH31N,TH105N,YH103R,GH104D;0.7993643967411105
1MHP_HL_A;SL27Q;-0.6875663356911996
1MHP_HL_A;TH50V,SL27Q,NL51Y;-1.0588827792751447
1MHP_HL_A;LL48K;0.8611530797639912
1MHP_HL_A;TH50V;-0.13159156907376515
1MHP_HL_A;LH60D;-0.06131650972908179
1MHP_HL_A;KH64E;-0.07761035682363233
1MHP_HL_A;KH64Q;-0.07761035682363233
1MHP_HL_A;KH64D;-0.17143243410321796
1MHP_HL_A;KH64N;-0.03626943514144567
1MHP_HL_A;NL51Y;-0.05162202080485915
1MHP_HL_A;GH100M;0.1021283485435484
1MHP_HL_A;SL23R;-0.21532032051887795
1MHP_HL_A;NL51E;-0.08867994365558123
1MHP_HL_A;FH99W;0.0
1MHP_HL_A;GH100F;0.3889963559326173
1MHP_HL_A;GH54Y;0.0
1MHP_HL_A;TH50V,KH64E;-0.18050967190935752
1MHP_HL_A;LH60D,KH64Q;0.0429869530865514
1MHP_HL_A;LH60D,KH64E;-0.14179261172195387
1MHP_HL_A;KH64E,SL27Q,NL51Y;-1.0191026326346806
1MHP_HL_A;TH50V,KH64E,SL27Q,NL51E;-1.2672485671189728
1MHP_HL_A;TH50V,KH64E,SL27Q,NL51Y;-1.0844348604922072
1MHP_HL_A;NL29V;1.0492711894786901
1MHP_HL_A;HL30R;1.1237352586066318
1MHP_HL_A;HL30K;1.1641020877336608
1MHP_HL_A;NL51R;0.8447938175959477
1MHP_HL_A;NL51K;0.6574734287495685
1MHP_HL_A;RH31Q;1.3072554503158724
1MHP_HL_A;SH35Q;2.72696957649113
1MHP_HL_A;YH59E;0.543976815185422
1MHP_HL_A;NL29Y;1.9074616034309866
1MHP_HL_A;NL29W;1.5725976024879127
1MHP_HL_A;SL90T;2.3165197565976627
1MHP_HL_A;SL90R;2.72696957649113
1MHP_HL_A;GL91Q;1.5725976024879127
1MHP_HL_A;GL91S;0.5125781684370151
1MHP_HL_A;SL90R,NL29E;2.72696957649113
1MHP_HL_A;SH52M;2.075724941745212
1MHP_HL_A;GH53S;0.6755558694779314
1MHP_HL_A;GH53A;0.5125781684370151
1MHP_HL_A;GH54I;1.363484788245565
1MHP_HL_A;GH54T;1.1641020877336608
1MHP_HL_A;YH58Q;2.075724941745212
1MHP_HL_A;YH58E;2.075724941745212
1MHP_HL_A;YH58W;0.8208996397869334
1MHP_HL_A;LL48F;0.7122401534996474
1MHP_HL_A;LL48W;1.9074616034309866
1MHP_HL_A;NL51D;0.5007346952501659
1MHP_HL_A;WL89Q;2.075724941745212
1MHP_HL_A;SL90Q;1.7739346081390315
1MHP_HL_A;WL89Q,FL32Y;0.8709706285468435
1MHP_HL_A;TH33V;0.434343997702481
1MHP_HL_A;TH33N;2.72696957649113
1MHP_HL_A;SH35A;1.5725976024879127
1MHP_HL_A;FH99Y;0.7546270070227507
1MHP_HL_A;GH100L;2.72696957649113
1MHP_HL_A;GH100S;0.5577165016394031
1MHP_HL_A;TH50V,SH35V;2.72696957649113
1MHP_HL_A;TH50V,SH35A;2.075724941745212
1MHP_HL_A;SH35A,GH102S;1.5725976024879127
1MHP_HL_A;SH35V,GH102S;1.4255957043174505
1MHP_HL_A;TH50V,GH102S;1.6673638503655563
1MHP_HL_A;HL30W;1.2552436374894145
1MHP_HL_A;NL29Y,SL90I;0.434343997702481
1MHP_HL_A;GH53N;1.2552436374894145
1MHP_HL_A;TH33E,GH53Q;1.6673638503655563
1MHP_HL_A;TH33I,SH52T,GH53N,GH54N;1.9074616034309866
1MHP_HL_A;TH33I,SH52T,GH53Q,GH54F;1.2552436374894145
1MHP_HL_A;TH50V,SL27Q;-0.6946452923169076
1MHP_HL_A;KH64E,SL27Q;-0.856798747225506
2B2X_HL_A;VH50T,EH64K,QL28S,YL52N;1.0431559483521757
2B2X_HL_A;VH50T,EH64K,QL28S,YL52N,LL49K;1.904309028116167
2B2X_HL_A;EH64K,QL28S,YL52N;0.9115643792784105
2B2X_HL_A;VH50T,EH64K,QL28S,YL52N,LH60D;0.981839438623094
2B2X_HL_A;VH50T,QL28S,YL52N;0.9655455915285434
2B2X_HL_A;VH50T,EH64Q,QL28S,YL52N;0.9655455915285434
2B2X_HL_A;VH50T,EH64D,QL28S,YL52N;0.8717235142489578
2B2X_HL_A;VH50T,EH64N,QL28S,YL52N;1.00688651321073
2B2X_HL_A;VH50T,EH64K,YL52N;0.2817187043775562
2B2X_HL_A;VH50T,EH64K,QL28S;0.9915339275473166
2B2X_HL_A;VH50T,EH64K,QL28S,YL52N,GH100M;1.145284296895724
2B2X_HL_A;VH50T,EH64K,QL28S,YL52N,SL24R;0.8278356278332979
2B2X_HL_A;VH50T,EH64K,QL28S,YL52E;0.9544760046965945
2B2X_HL_A;VH50T,EH64K,QL28S,YL52N,FH99W;1.0431559483521757
2B2X_HL_A;VH50T,EH64K,QL28S,YL52N,GH100F;1.432152304284793
2B2X_HL_A;VH50T,EH64K,QL28S,YL52N,GH54Y;1.0431559483521757
2B2X_HL_A;QL28S,YL52N;0.8626462764428182
2B2X_HL_A;VH50T,EH64Q,QL28S,YL52N,LH60D;1.0861429014387272
2B2X_HL_A;VH50T,QL28S,YL52N,LH60D;0.901363336630222
2B2X_HL_A;EH64K;-0.03343180677420072
2B2X_HL_A;VH50T;0.024053315717495232
2B2X_HL_A;YL52E;-0.224092618766797
2B2X_HL_A;VH50T,EH64K,QL28S,YL52N,NL30V;2.092427137830866
2B2X_HL_A;VH50T,EH64K,QL28S,YL52N,HL31R;2.1668912069588075
2B2X_HL_A;VH50T,EH64K,QL28S,YL52N,HL31K;2.2072580360858365
2B2X_HL_A;VH50T,EH64K,QL28S,YL52R;1.8879497659481235
2B2X_HL_A;VH50T,EH64K,QL28S,YL52K;1.7006293771017444
2B2X_HL_A;VH50T,EH64K,QL28S,YL52N,RH31Q;2.3504113986680477
2B2X_HL_A;VH50T,EH64K,QL28S,YL52N,SH35Q;3.7701255248433054
2B2X_HL_A;VH50T,EH64K,QL28S,YL52N,YH59E;1.5871327635375976
2B2X_HL_A;VH50T,EH64K,QL28S,YL52N,NL30Y;2.9506175517831625
2B2X_HL_A;VH50T,EH64K,QL28S,YL52N,NL30W;2.615753550840088
2B2X_HL_A;VH50T,EH64K,QL28S,YL52N,SL91T;3.3596757049498387
2B2X_HL_A;VH50T,EH64K,QL28S,YL52N,SL91R;3.7701255248433054
2B2X_HL_A;VH50T,EH64K,QL28S,YL52N,GL92Q;2.615753550840088
2B2X_HL_A;VH50T,EH64K,QL28S,YL52N,GL92S;1.5557341167891907
2B2X_HL_A;VH50T,EH64K,QL28S,YL52N,SL91R,NL30E;3.7701255248433054
2B2X_HL_A;VH50T,EH64K,QL28S,YL52N,SH52M;3.1188808900973877
2B2X_HL_A;VH50T,EH64K,QL28S,YL52N,GH53S;1.718711817830107
2B2X_HL_A;VH50T,EH64K,QL28S,YL52N,GH53A;1.5557341167891907
2B2X_HL_A;VH50T,EH64K,QL28S,YL52N,GH54I;2.4066407365977405
2B2X_HL_A;VH50T,EH64K,QL28S,YL52N,GH54T;2.2072580360858365
2B2X_HL_A;VH50T,EH64K,QL28S,YL52N,YH58Q;3.1188808900973877
2B2X_HL_A;VH50T,EH64K,QL28S,YL52N,YH58E;3.1188808900973877
2B2X_HL_A;VH50T,EH64K,QL28S,YL52N,YH58W;1.8640555881391092
2B2X_HL_A;VH50T,EH64K,QL28S,YL52N,LL49F;1.7553961018518232
2B2X_HL_A;VH50T,EH64K,QL28S,YL52N,LL49W;2.9506175517831625
2B2X_HL_A;VH50T,EH64K,QL28S,YL52D;1.5438906436023416
2B2X_HL_A;VH50T,EH64K,QL28S,YL52N,WL90Q;3.1188808900973877
2B2X_HL_A;VH50T,EH64K,QL28S,YL52N,SL91Q;2.817090556491207
2B2X_HL_A;VH50T,EH64K,QL28S,YL52N,WL90Q,FL33Y;1.9141265768990192
2B2X_HL_A;VH50T,EH64K,QL28S,YL52N,TH33V;1.4774999460546567
2B2X_HL_A;VH50T,EH64K,QL28S,YL52N,TH33N;3.7701255248433054
2B2X_HL_A;VH50T,EH64K,QL28S,YL52N,SH35A;2.615753550840088
2B2X_HL_A;VH50T,EH64K,QL28S,YL52N,FH99Y;1.7977829553749265
2B2X_HL_A;VH50T,EH64K,QL28S,YL52N,GH100L;3.7701255248433054
2B2X_HL_A;VH50T,EH64K,QL28S,YL52N,GH100S;1.6008724499915787
2B2X_HL_A;EH64K,QL28S,YL52N,SH35V;3.7701255248433054
2B2X_HL_A;EH64K,QL28S,YL52N,SH35A;3.1188808900973877
2B2X_HL_A;VH50T,EH64K,QL28S,YL52N,SH35A,GH102S;2.615753550840088
2B2X_HL_A;VH50T,EH64K,QL28S,YL52N,SH35V,GH102S;2.4687516526696265
2B2X_HL_A;EH64K,QL28S,YL52N,GH102S;2.710519798717732
2B2X_HL_A;VH50T,EH64K,QL28S,YL52N,HL31W;2.29839958584159
2B2X_HL_A;VH50T,EH64K,QL28S,YL52N,NL30Y,SL91I;1.4774999460546567
2B2X_HL_A;VH50T,EH64K,QL28S,YL52N,GH53N;2.29839958584159
2B2X_HL_A;VH50T,EH64K,QL28S,YL52N,TH33E,GH53Q;2.710519798717732
2B2X_HL_A;VH50T,EH64K,QL28S,YL52N,TH33I,SH52T,GH53N,GH54N;2.9506175517831625
2B2X_HL_A;VH50T,EH64K,QL28S,YL52N,TH33I,SH52T,GH53Q,GH54F;2.29839958584159
2B2X_HL_A;EH64K,YL52N;0.3485106560352681
2B2X_HL_A;VH50T,YL52N;0.1863572011266697
1MLC_AB_E;NA32G;-0.8773379363448112
1MLC_AB_E;NA92A;-1.2532835938963718
1MLC_AB_E;TB28D;-0.15093544471732803
1MLC_AB_E;TB31A;0.4469819085998955
1MLC_AB_E;TB31V;0.5262111857957265
1MLC_AB_E;SB57A;-0.37900062865954476
1MLC_AB_E;SB57V;-0.4941532151131054
1MLC_AB_E;TB58D;-0.559651284104725
1MLC_AB_E;KB65D;0.01854772405356609
1MLC_AB_E;NA32Y;0.0
1MLC_AB_E;TB31W;0.13213532856516474
1MLC_AB_E;NA32G,NA92A;-0.6866149298430381
1MLC_AB_E;SB57V,TB58D;-0.9876737264258472
1MLC_AB_E;NA32G,NA92A,SB57V,TB58D;-1.7348773389760632
1MLC_AB_E;NA92A,SB57V,TB58D;-2.3940548260445698
1MLC_AB_E;NA92A,TB28D,SB57V,TB58D;-2.328800168240103
1MLC_AB_E;NA92A,TB28D,SB57V,TB58D,NA32L;-2.584164519265525
1MLC_AB_E;NA92A,TB28D,SB57V,TB58D,SB30G;-2.358336225822665
1MLC_AB_E;NA92A,TB28D,SB57V,TB58D,YB59E;-1.4660883171701244
1MLC_AB_E;NA92A,TB28D,SB57V,TB58D,SA91N;1.8496316401463184
1MLC_AB_E;NA92A,TB28D,SB57V,TB58D,SA91N,SA93A;-1.6103500883399446
1MLC_AB_E;NA92A,TB28D,SB57V,TB58D,RB98M,DB100Q;-0.4104498198934667
1MLC_AB_E;NA92A,TB28D,SB57V,TB58D,YB32R,RB98S;1.8496316401463184
1MLC_AB_E;NA92A,TB28D,SB57V,TB58D,EB35S,GB99D;-2.953759939877044
1MLC_AB_E;NA92A,TB28D,SB57V,TB58D,YB32W,RB98V,DB100Q;0.3613675672452126
1MLC_AB_E;NA92A,TB28D,SB57V,TB58D,EB35S;1.9060699367041964
1MLC_AB_E;NA92A,TB28D,SB57V,TB58D,GB99D;-0.20356566435900167
1YY9_CD_A;SC26D;-0.1992433537834827
1YY9_CD_A;TC31E;-0.5188958327584565
1YY9_CD_A;NC93A;-0.741828502242114
1YY9_CD_A;ND56A;-0.0570428437463692
1YY9_CD_A;TD61E;-0.0570428437463692
1YY9_CD_A;TC31E,NC93A;-0.8184876041924555
1YY9_CD_A;SC26D,TC31E,NC93A;-1.3328696167547183
1YY9_CD_A;SC26D,TC31E,NC93A,ND56A,TD61E;-0.6517572851665326
1N8Z_AB_C;NA30S;0.06665946468371356
1N8Z_AB_C;HA91F;0.034230975185310715
1N8Z_AB_C;NA30S,HA91F,YA92W;-0.07475817189086481
1N8Z_AB_C;TA94S;0.3216681603434134
1N8Z_AB_C;DB102W;-0.7129898112822592
1N8Z_AB_C;YB105F;0.8539560011206354
1N8Z_AB_C;YB109V;0.2319098239595097
1N8Z_AB_C;NA30S,HA91F,YA92W,TA94S,DB102W,YB105F,YB109V;0.050658589892465924
3BDY_HL_V;DL28N,PL30A,RL31K,SL32T,YL57F,TL97S,TL98S;-0.9731099050605639
3BDY_HL_V;DL28N,PL30A,RL31K,SL32T,YL57F,TL97S,TL98S,KH31S,DH32G,TH55S,NH56E,GH101V,DH103V;-2.7269695764911295
3BE1_HL_A;DL28N,PL30A,RL31K,SL32T,YL57F,TL97S,TL98S;-0.8682972428787449
3BE1_HL_A;DL28N,PL30A,RL31K,SL32T,YL57F,TL97S,TL98S,KH30S,DH31G,TH54S,NH55E,GH100V,DH102V;-2.8823296040832065
3BDY_HL_V;DL28N,PL30A,RL31K,SL32T,TL97S,TL98S;-0.9690254879553213
3BDY_HL_V;DL28N,PL30A,RL31K,SL32T,TL97S,TL98S,KH31S,DH32G,TH55S,NH56E,GH101V,DH103V;-2.715338851744212
3BDY_HL_V;DL28N,PL30A,RL31K,SL32T,TL97S,TL98S,KH31S,DH32G,TH55S,NH56E,GH101V,DH103V,RH51A,RH60A;-2.7727240995866183
3BE1_HL_A;DL28N,PL30A,RL31K,SL32T,TL97S,TL98S;-0.6860412903966786
3BE1_HL_A;DL28N,PL30A,RL31K,SL32T,TL97S,TL98S,KH30S,DH31G,TH54S,NH55E,GH100V,DH102V;-2.7727240995866183
3BE1_HL_A;DL28N,PL30A,RL31K,SL32T,TL97S,TL98S,KH30S,DH31G,TH54S,NH55E,GH100V,DH102V,YL36A;-3.190060661424606
3BE1_HL_A;DL28N,PL30A,RL31K,SL32T,TL97S,TL98S,KH30S,DH31G,TH54S,NH55E,GH100V,DH102V,YL36A,IL33A;-2.7727240995866183
1N8Z_AB_C;RB50A;2.97531046266177
1N8Z_AB_C;RB59A;1.803698611631297
2NY7_HL_G;WG13M,SG92T,WG181S,MG231A,CG14W,CG110V,CG27I,CG226Q;-0.30357292075621556
2NY7_HL_G;WG13M,MG231A,CG14W,CG110V,CG27I,CG226Q;0.4490223130001382
2NY7_HL_G;KG66C,EG103C,WG13M,MG231A,CG14W,CG110V,CG27I,CG226Q;0.29987878359877157
2NY7_HL_G;WG13M,MG231A,CG14W,CG110V;1.1573691648367515
2NY7_HL_G;KG66C,EG102C,WG13M,MG231A,CG14W,CG110V,CG27I,CG226Q;0.3997800912330265
2NY7_HL_G;GG229C,WG13M,MG231A,CG14W,CG110V,CG27I,CG226Q;0.21461292183024958
2NY7_HL_G;CG27I,CG226Q,MG231A;0.20318102392995677
2NY7_HL_G;CG27I,CG226Q;0.1997079704567452
2NY7_HL_G;WG13M,MG231A,CG14W,CG110V,KG66C,EG102C;0.550984635668548
2NY7_HL_G;KG66C,EG102C,CG27I,CG226Q;0.0408543992819477
2NY7_HL_G;GG229C,MG231A;-0.3787762854404588
3IDX_HL_G;WG13M,SG111T,WG200S,MG247A,CG14W,CG129V,CG27I,CG242Q;-1.8638604935364522
3IDX_HL_G;WG13M,MG247A,CG14W,CG129V,CG27I,CG242Q;-2.347857964058475
3IDX_HL_G;KG85C,EG122C,WG13M,MG247A,CG14W,CG129V,CG27I,CG242Q;-2.2925910900778614
3IDX_HL_G;WG13M,MG247A,CG14W,CG129V;-0.647503073092011
3IDX_HL_G;KG85C,EG121C,WG13M,MG247A,CG14W,CG129V,CG27I,CG242Q;-2.192167953777617
3IDX_HL_G;TG41C,GG245C,WG13M,MG247A,CG14W,CG129V,CG27I,CG242Q;-2.330938129566849
3IDX_HL_G;CG27I,CG242Q,MG247A;-2.173496715228351
3IDX_HL_G;CG27I,CG242Q;-2.4649006923074195
3IDX_HL_G;WG13M,MG247A,CG14W,CG129V,KG85C,EG121C;-0.3616451177165202
3IDX_HL_G;KG85C,EG121C,CG27I,CG242Q;-2.377554355039637
3IDX_HL_G;TG41C,GG245C,MG247A;0.40943149819849284
2NYY_DC_A;SA874A;-0.2303089517088766
2NYY_DC_A;KA875A;0.2909703030996932
2NYY_DC_A;QA887A;0.5207855505233686
2NYY_DC_A;FA889A;0.41934262713783066
2NYY_DC_A;NA890A;0.8903909968311736
2NYY_DC_A;LA891A;2.589066756995614
2NYY_DC_A;EA892A;2.8389744402866413
2NYY_DC_A;KA895A;-0.140138049720891
2NYY_DC_A;FA925A;4.058277290280607
2NYY_DC_A;NA926A;0.09934269596426436
2NYY_DC_A;SA927A;0.0
2NYY_DC_A;IA928A;-0.009486975545902448
2NYY_DC_A;KA1028A;-0.028932704660567556
2NYY_DC_A;DA1030A;0.009336382257666666
2NYY_DC_A;RA1033A;0.8200769621225984
2NYY_DC_A;DA1034A;2.529653144312075
2NYY_DC_A;TA1035A;1.6307804924626328
2NYY_DC_A;HA1036A;7.319022440379222
2NYY_DC_A;RA1266A;0.2995154373998102
2NZ9_DC_A;SA874A;-0.1194738225106218
2NZ9_DC_A;KA875A;0.5406710387316406
2NZ9_DC_A;QA887A;0.09925502353238574
2NZ9_DC_A;FA889A;-0.04960775410878309
2NZ9_DC_A;NA890A;2.159911821497027
2NZ9_DC_A;LA891A;2.279838164569201
2NZ9_DC_A;EA892A;2.770206042971826
2NZ9_DC_A;KA895A;-0.29973691146147385
2NZ9_DC_A;FA925A;3.340253469587992
2NZ9_DC_A;NA926A;-0.1521588826875637
2NZ9_DC_A;SA927A;-0.07854045876935066
2NZ9_DC_A;IA928A;0.06927759438345193
2NZ9_DC_A;KA1028A;-0.008713933191306648
2NZ9_DC_A;DA1030A;-0.031080876549567885
2NZ9_DC_A;RA1033A;0.29086480946972465
2NZ9_DC_A;DA1034A;2.339473252307196
2NZ9_DC_A;TA1035A;2.3702502385207276
2NZ9_DC_A;HA1036A;7.419290753182472
2NZ9_DC_A;RA1266A;0.39013621524151176
2NYY_DC_A;MD33Q;-0.059866517893376374
2NYY_DC_A;KD29R;0.07138199638611607
2NYY_DC_A;YD30D;0.0646212353723765
2NYY_DC_A;YD30Q;0.12896727134622996
2NYY_DC_A;YD56Q;0.5196573281845144
2NYY_DC_A;SC28Q;0.413359819218195
2NYY_DC_A;DC30Y;0.6410999838892507
2NYY_DC_A;SC31N;-0.3533630084080815
2NYY_DC_A;HC34R;0.10087908272982046
2NYY_DC_A;VD36I;-0.21315963976515018
2NYY_DC_A;ED5Q;-0.2479733342954575
2NYY_DC_A;VD36I,ED5Q;-0.049043372425646325
2NYY_DC_A;KD29S,YD30D,DD31H,SD60P;0.04960775410878305
2NZ9_DC_A;SD29K,DD30Y,HD31D;-0.04960775410878309
3MZW_A_B;NB18T;-0.14515022432927793
3MZW_A_B;NB18G;0.07259944559056976
3MZW_A_B;NB18A;0.025201842498758363
3MZW_A_B;NB1E,NB18T;0.38412753444983716
3MZW_A_B;NB1A,NB18T;0.342311065224835
3MZW_A_B;NB18T,AB49S;0.0949475287361525
3MZW_A_B;NB18T,AB37S,AB41S,AB49S;-0.11313410732711743
3MZW_A_B;NB1A,NB18T,AB37S,AB41S,AB49S;-0.028779369751374528
3MZW_A_B;NB1E,NB18T,AB37S,AB41S,AB49S;0.2815240055252775
3MZW_A_B;NB18T,SB28A;-0.21489591056667207
3MZW_A_B;NB18T,SB28K;-0.21489591056667207
3MZW_A_B;NB18T,DB31A;0.7077655324598159
3MZW_A_B;NB18T,DB31K;1.218334563916287
3MZW_A_B;NB18T,DB32E;0.21377546762180089
3MZW_A_B;NB18T,EB42A;-0.33785037430289694
3MZW_A_B;NB18T,LB46T;-0.17899680312809943
3MZW_A_B;NB18T,LB46Y;-0.026322285443629505
3MZW_A_B;NB18T,NB38E,AB49S;0.13726223435545715
3MZW_A_B;NB18T,AB37S,AB41S,LB46T;-0.14515022432927793
3MZW_A_B;NB18T,AB37S,AB41S,LB46Y;-0.05386929504606097
3MZW_A_B;NB1A,NB18T,SB28K,AB37S,AB41S,AB49S;-0.21489591056667207
3MZW_A_B;NB1A,NB18T,SB28K,DB31A,AB37S,AB41S,AB49S;0.4478614541306228
3MZW_A_B;NB1A,NB18T,SB28K,DB32E,AB37S,AB41S,AB49S;-0.6795676030216437
3MZW_A_B;NB1A,NB18T,SB28K,AB37S,NB38E,AB41S,AB49S;0.21932241256459606
3MZW_A_B;NB1A,NB18T,SB28K,AB37S,AB41S,EB42A,AB49S;-0.2340042796981079
3NGB_HL_G;TH33Y;0.08418918081189933
3NGB_HL_G;GH55S;0.743002246768523
3NGB_HL_G;AH57G;-0.05602722127604866
3NGB_HL_G;VH58T;0.1378645749689378
3NGB_HL_G;PH63K;0.23251035384139904
3NGB_HL_G;VH74T;0.16493008331224954
3NGB_HL_G;YH75S;0.3325524268750563
3NGB_HL_G;IH30T;0.07338972185853267
3NGB_HL_G;KH52N;0.17496029179440886
3NGB_HL_G;RH54N;0.04644787727524556
3NGB_HL_G;RH62Q;0.09654455433829372
3NGB_HL_G;YL26S;0.6512325399753476
3NGB_HL_G;AH57G,VH58T,PH63K,VH74T;1.6733282275483894
3NGB_HL_G;TH33Y,GH56S,AH57G,VH58T,PH63K,VH74T,YH75S;1.938086053706357
3NGB_HL_G;IH30T,KH52N,RH54N,GH55S,AH57G,VH58T,RH62Q,PH63K,VH74T,YH75S,YL26S;0.8620966216180338
3NGB_HL_G;CH32S,CH102A;0.25898353343759045
3S9D_A_B;SA18A;-0.09864806386111245
3S9D_A_B;LA19A;1.1047524639314286
3S9D_A_B;FA20A;0.7102343628417115
3S9D_A_B;SA21A;0.0
3S9D_A_B;LA23A;3.807973486404356
3S9D_A_B;KA24A;0.618898396713513
3S9D_A_B;DA25A;0.6450948234183036
3S9D_A_B;RA26A;5.123346386405335
3S9D_A_B;HA27A;0.5407958640195317
3S9D_A_B;DA28A;0.3012200739294802
3S9D_A_B;EA34A;0.0
3S9D_A_B;KA92A;0.015009063171716852
3S9D_A_B;RA96A;0.21042961250316264
3S9D_A_B;LA99A;-0.06238964232777062
3S9D_A_B;KA102A;0.23606031111082568
3S9D_A_B;EA103A;-0.16948450904304505
3S9D_A_B;KA104A;0.7550932647808061
3S9D_A_B;KA105A;0.13047178090024686
3S9D_A_B;TB33A;1.73030028885902
3S9D_A_B;MB35A;2.9982621507204454
3S9D_A_B;SB36A;0.504736632454988
3S9D_A_B;KB37A;0.5039460393020666
3S9D_A_B;EB39R;0.6505475729588971
3S9D_A_B;EB39A;0.2055208389667188
3S9D_A_B;KB42A;0.48448241426193006
3S9D_A_B;WB61F;0.7246634186603413
3S9D_A_B;SB63A;0.29378639912590077
3S9D_A_B;HB65A;0.8233443437458724
3S9D_A_B;NB85A;-0.17167089733757437
3S9D_A_B;WB87A;1.1116938546207455
3S9D_A_B;DB121R;-0.08047630045323326
3S9D_A_B;LA8A;1.5356298218861937
3S9D_A_B;MA9A;0.06209341723067721
3S9D_A_B;RA15A;0.19518744159250043
3S9D_A_B;RA16A;0.22763029858708678
3S9D_A_B;IA17A;-0.10729995380070056
3S9D_A_B;LA23V;2.435865987983405
3S9D_A_B;RA26K;4.586080218044179
3S9D_A_B;RA26Q;6.078941506268558
3S9D_A_B;QA33A;0.019416622110708263
3S9D_A_B;RA115A;2.1464131712757784
3S9D_A_B;AA116G;2.1043518436773545
3S9D_A_B;AA116M;1.072222874512676
3S9D_A_B;MA119A;2.2536083611322906
3S9D_A_B;RA120A;3.0207212038319633
3S9D_A_B;SA123A;1.1221197137164138
3S9D_A_B;LA124A;1.4468231423831737
3S9D_A_B;NA127A;-0.04236886273667665
3SE3_B_A;YB43A,NB44E,SB47Q;1.9166236288002927
3SE3_B_A;YB43H,NB44A,SB47Q;1.4444263927220047
3SE3_B_A;YB43H,NB44E,SB47A;1.822939619894261
3SE3_B_A;YB43H,NB44E,SB47Q,QB48A;2.4898472002335383
3SE3_B_A;YB43H,NB44E,SB47Q,FB50A;2.8497768441423474
3SE3_B_A;YB43H,NB44E,SB47Q,NB51A;3.0933374509912435
3SE3_B_A;YB43H,NB44E,SB47Q,SB54A;2.5452612107993224
3SE3_B_A;YB43H,NB44E,SB47Q,TB55A;2.909111870254522
3SE3_B_A;YB43H,NB44E,SB47Q,KB56A;2.6950193445117003
3SE3_B_A;YB43H,NB44E,SB47Q,DB57A;2.4393452754165335
3SE3_B_A;YB43H,NB44E,SB47Q,SB59A;2.774969232578012
3SE3_B_A;YB43H,NB44E,SB47Q,TB65A;2.3584830452174224
3SE3_B_A;YB43H,NB44E,SB47Q,LB66A;3.415479337182676
3SE3_B_A;YB43H,NB44E,SB47Q,KB69A;2.364519412684545
3SE3_B_A;YB43H,NB44E,SB47Q,YB71A;2.9843492031364582
3SE3_B_A;YB43H,NB44E,SB47Q,TB72A;2.741129344235845
3SE3_B_A;YB43H,NB44E,SB47Q,YB75A;3.125456284058095
3SE3_B_A;YB43H,NB44E,SB47Q,QB76A;2.3483486872407413
3SE3_B_A;YB43H,NB44E,SB47Q,NB79A;2.8274303578259965
3SE3_B_A;YB43H,NB44E,SB47Q,EB82A;2.7608195181202744
3SE3_B_A;YB43H,NB44E,SB47Q,VB85A;2.4868718234256995
3S9D_A_B;QA48A;0.0
3S9D_A_B;FA50A;0.1703520668280363
3S9D_A_B;NA51A;0.0
3S9D_A_B;SA54A;0.0
3S9D_A_B;TA55A;0.0
3S9D_A_B;KA56A;0.0
3S9D_A_B;SA59A;0.1703520668280363
3S9D_A_B;TA65A;0.1703520668280363
3S9D_A_B;LA66A;0.302487395393201
3S9D_A_B;KA69A;0.0
3S9D_A_B;YA71A;0.302487395393201
3S9D_A_B;TA72A;0.1703520668280363
3S9D_A_B;YA75A;0.302487395393201
3S9D_A_B;QA76A;0.1703520668280363
3S9D_A_B;NA79A;0.1703520668280363
3S9D_A_B;EA82A;0.1703520668280363
3SE3_B_C;YB43H,NB44E,SB47Q;0.19072300650177296
3S9D_A_B;AA43H,AA44E,AA47Q;-0.00870877370916905
3SE3_B_C;YB43A,NB44A,SB47A;0.17330545908343487
3S9D_A_B;AA43Y,AA44N,AA47S;-0.19072300650177304
3SE3_B_A;YB43H,NB44E,SB47Q;2.456498298100089
3SE3_B_A;YB43M,NB44D,SB47L;0.7129372152866678
3SE3_B_A;YB43A,NB44A,SB47A;0.5899126658690061
3S9D_A_B;RA5A;0.6215575854582277
3S9D_A_B;AA12W;-0.18097394659994537
3S9D_A_B;RA91K;0.030768163074101195
3SE3_B_A;YB43H,NB44E,SB47Q,IB88A;2.3259192225192327
3SE3_B_A;YB43H,NB44E,SB47Q,LB89A;2.8967291931249792
3SE3_B_A;YB43H,NB44E,SB47Q,RB92A;2.834932000991395
3SE3_B_A;YB43H,NB44E,SB47Q,RB92K;2.6094560752588407
3SE3_B_A;YB43H,NB44E,SB47Q,KB93A;2.6094560752588407
3SE3_B_A;YB43H,NB44E,SB47Q,KB103A;2.680163831439289
3S9D_A_B;EB17R;0.0
3S9D_A_B;YB32A;1.307638349727658
3S9D_A_B;IB34A;1.8516146219350702
3S9D_A_B;MB35V;2.3738350331484543
3S9D_A_B;DB40A;0.0
3S9D_A_B;RB62A;0.1703520668280363
3S9D_A_B;TB64A;0.25568165034136053
3S9D_A_B;EB66A;2.414453242886514
3S9D_A_B;AB67M;-0.16772610279203568
3S9D_A_B;VB69A;2.3165197565976627
3S9D_A_B;HB84A;0.043742320375834184
3S9D_A_B;IB90A;1.616321454065286
3S9D_A_B;DB91A;1.3372486217553774
3S9D_A_B;HB166A;0.0
3SE4_B_C;TC36A;1.363484788245565
3SE4_B_C;MC38A;1.665379733444579
3SE4_B_C;MC38V;1.164833292502053
3SE4_B_C;SC39A;0.21179832414995492
3SE4_B_C;HC68A;-0.6099300826297771
3SE4_B_C;EC69A;1.3821301753282464
3SE4_B_C;VC72A;1.164833292502053
3SE4_B_C;IC95A;1.2087166186934586
3SE4_B_C;HC172A;-0.4104498198934667
3SE3_B_A;NA53A;-0.3475866438181948
3SE3_B_A;YA55A;1.4965668059327413
3SE3_B_A;FA81A;0.4104498198934667
3SE3_B_A;EA96A;0.7127003063338402
3SE3_B_A;KA98A;1.4965668059327413
3SE3_B_A;LA116A;0.0
3SE3_B_A;DA117A;0.5425851484586315
3SE3_B_A;SA120A;0.5425851484586315
3SE3_B_A;NA140T;0.1330820176871767
3SE3_B_A;YA148A;0.4104498198934667
3SE3_B_A;TA166A;-0.15630823263006374
3SE3_B_A;SA167A;-0.23891462795716936
3SE3_B_A;FA223A;1.4965668059327413
3SE3_B_A;RA226A;0.4104498198934667
3SE3_B_A;NA227A;0.5425851484586315
3SE3_B_A;NA230A;0.21096955715715646
3SE3_B_A;FA273A;0.0
3SE4_B_A;YA55A;1.363484788245565
3SE4_B_A;LA116A;0.13213532856516474
3SE4_B_A;DA117A;0.13213532856516474
3SE4_B_A;SA120A;0.0
3SE4_B_A;NA140T;0.4104498198934667
3SE4_B_A;YA148A;-0.278314491328302
3SE4_B_A;TA166A;-0.5425851484586315
3SE4_B_A;FA223A;1.363484788245565
3SE4_B_A;RA226A;0.3027833983584718
3SE4_B_A;NA227A;0.0
3SE4_B_A;NA230A;0.3027833983584718
3SE4_B_A;FA273A;0.21076218404360492
3SE4_B_C;PB27A;-0.17035206682803625
3SE4_B_C;PB27L;0.923906772443824
3SE4_B_C;LB31A;2.7269695764911295
3SE4_B_C;MB130A;0.5726032748020651
3SE4_B_C;KB134A;1.7876744659193748
3SE4_B_C;KB134R;-0.9360378745212707
3SE4_B_A;PB27A;0.04967074952892826
3SE4_B_A;PB27L;0.10300713265689064
3SE4_B_A;LB31A;-0.011963112326501343
3SE4_B_A;MB130A;0.024646437812400186
3SE4_B_A;KB134A;-0.035066975944425
3SE4_B_A;KB134R;0.1391988785593851
3S9D_A_B;RA120A,EB66A;3.600661340250345
3SE4_B_C;KB134A,EC69A;1.9013136547500056
3SE4_B_C;KB134R,EC69A;1.400775562410928
3S9D_A_B;TB33A,LA8A;3.5767605032335092
3S9D_A_B;TB33A,LA19A;3.3931010467259566
3S9D_A_B;TB33A,FA20A;3.0199058951523075
3S9D_A_B;TB33A,LA23A;5.958370722894329
3S9D_A_B;TB33A,RA115A;4.046206523963329
3S9D_A_B;TB33A,AA116G;4.34920417696647
3S9D_A_B;TB33A,MA119A;4.461739241329303
3S9D_A_B;TB33A,RA120A;5.2659573858991875
3S9D_A_B;TB33A,SA123A;3.0617223643773093
3S9D_A_B;TB33A,LA124A;3.310724855468031
3S9D_A_B;IB34A,RA115A;4.269039091355684
3S9D_A_B;IB34A,AA116G;4.471775988721887
3S9D_A_B;IB34A,MA119A;4.232920951578866
3S9D_A_B;IB34A,RA120A;4.999241492315428
3S9D_A_B;IB34A,SA123A;3.0052840678194315
3S9D_A_B;IB34A,LA124A;3.5595954196517368
3S9D_A_B;WB87A,RA5A;2.3397444556245754
3S9D_A_B;WB87A,LA8A;3.0750297540568257
3S9D_A_B;WB87A,MA119A;3.844405265901371
3S9D_A_B;WB87A,SA123A;2.7501942755180417
3S9D_A_B;WB87A,LA124A;2.942894425491661
3S9D_A_B;IB90A,LA8A;3.738592222779836
3S9D_A_B;IB90A,LA19A;3.034175354774878
3S9D_A_B;IB90A,FA20A;2.8148570642829296
3S9D_A_B;IB90A,LA23A;5.446790326683562
3S9D_A_B;IB90A,RA115A;3.523696312213164
3S9D_A_B;IB90A,MA119A;4.033305056782973
3S9D_A_B;IB90A,RA120A;4.906000492140905
3S9D_A_B;IB90A,SA123A;3.2551697118250784
3S9D_A_B;IB90A,LA124A;3.345062237377996
3S9D_A_B;DB91A,LA19A;2.942894425491661
3S9D_A_B;DB91A,FA20A;2.383627781815981
3S9D_A_B;DB91A,RA115A;3.670453468111204
3S9D_A_B;DB91A,SA123A;2.6775948299274726
3S9D_A_B;DB91A,LA124A;3.0199058951523075
3S9D_A_B;MB35V,LA8A;4.425207152622874
3S9D_A_B;MB35V,LA19A;4.314546983503492
3S9D_A_B;MB35V,LA23A;7.110360259889001
3S9D_A_B;MB35V,RA115A;3.70322924387014
3S9D_A_B;MB35V,AA116G;5.297630920352195
3S9D_A_B;MB35V,MA119A;5.45393915298226
3S9D_A_B;MB35V,RA120A;6.063632326659209
3S9D_A_B;MB35V,SA123A;4.078491252410193
3S9D_A_B;MB35V,LA124A;4.530922310973595
3S9D_A_B;EB66A,LA8A;4.090454364736694
3S9D_A_B;EB66A,LA23A;6.055111979377499
3S9D_A_B;EB66A,RA115A;4.656264212222238
3S9D_A_B;EB66A,AA116G;5.038733051134602
3S9D_A_B;EB66A,MA119A;4.978462029741946
3S9D_A_B;EB66A,RA120A;3.6306297982795708
3S9D_A_B;EB66A,SA123A;3.54191787050817
3S9D_A_B;EB66A,LA124A;3.767892032635028
3S9D_A_B;HB65A,RA5A;2.2132757149879447
3S9D_A_B;HB65A,LA8A;4.014757332729407
3S9D_A_B;HB65A,LA19A;3.05495481734836
3S9D_A_B;HB65A,RA120A;3.844405265901371
3S9D_A_B;HB65A,SA123A;1.135113238553808
3S9D_A_B;HB65A,LA124A;2.937939133648286
1E50_A_B;DA8A;-0.3160127750151609
1E50_A_B;NA11A;0.6780945825613285
1E50_A_B;MA48A;1.3196014620541592
1E50_A_B;NA51A;1.9193480187420917
1E50_A_B;YA55A;0.9139019515925462
1E50_A_B;SA56A;0.9778842333354125
1E50_A_B;TA91A;1.2778221861766872
1E50_A_B;VA101A;-0.04388332619140558
1E50_A_B;TA103A;2.1843844280324984
1E50_A_B;RB32A;1.7739346081390317
1E50_A_B;VB57A;0.0
1E50_A_B;NB62A;0.9643230276251968
1E50_A_B;SB64A;0.11497024498339199
1E50_A_B;DA52A,EA53A;0.3908441018463938
1E50_A_B;RA84A;-0.19113152940151812
1E50_A_B;KA86M;0.3199246710825907
1E50_A_B;NB99A;1.4072060359031286
1JTG_A_B;EB31A;0.8208996397869334
1JTG_A_B;SB35A;0.0
1JTG_A_B;SB39A;0.021609597378026146
1JTG_A_B;GB48A;1.1131115938267218
1JTG_A_B;YB51A;0.7986721985581814
1JTG_A_B;EB73A;0.4348073633178309
1JTG_A_B;GB141A;1.3298262886297432
1JTG_A_B;RB144A;0.6548992034439021
1JTG_A_B;EB73A,YB50A;-1.4956201168107297
1C4Z_ABC_D;SD1A;0.5658098474855437
1C4Z_ABC_D;RD2A;0.5184122443937323
1C4Z_ABC_D;RD2E;1.2877877562382778
1C4Z_ABC_D;RD3A;0.4668881164513444
1C4Z_ABC_D;RD3E;1.185184227313718
1C4Z_ABC_D;KD6A;0.6096931736769493
1C4Z_ABC_D;KD6E;1.5542077947473376
1C4Z_ABC_D;ND28A;-0.1783005609318466
1C4Z_ABC_D;LD30A;-0.3433417946751488
1C4Z_ABC_D;RD49A;-0.011963112326501343
1C4Z_ABC_D;AD56G;0.5658098474855437
1C4Z_ABC_D;ED57A;0.0878874877917998
1C4Z_ABC_D;ED57R;0.06710802521831792
1C4Z_ABC_D;PD59A;1.40905757041806
1C4Z_ABC_D;FD60A;3.012640111729055
1C4Z_ABC_D;KD61A;0.2929363186611776
1C4Z_ABC_D;KD61E;0.7246634186603413
1C4Z_ABC_D;ED90A;-0.43462272395836576
1C4Z_ABC_D;ED90R;-1.0024097149157556
1C4Z_ABC_D;WD92A;0.8208996397869334
1C4Z_ABC_D;KD93A;1.135113238553808
1C4Z_ABC_D;KD93E;1.1689598173526294
1C4Z_ABC_D;PD94A;0.8497909267423798
1C4Z_ABC_D;AD95G;0.4104498198934667
1C4Z_ABC_D;KD97A;1.3010951459177944
1C4Z_ABC_D;KD97E;1.4199230848034428
1C4Z_ABC_D;VA138A;0.5658098474855437
1C4Z_ABC_D;LA139A;1.2163574204444407
1C4Z_ABC_D;QA141A;-0.38722512086655425
1C4Z_ABC_D;SA142A;0.4104498198934667
1C4Z_ABC_D;LA143A;0.9986077505245933
1C4Z_ABC_D;DA145A;-0.38722512086655425
1C4Z_ABC_D;DA145K;0.20764284099339939
1C4Z_ABC_D;LA146A;1.9731779619225143
1C4Z_ABC_D;YA149A;1.2877877562382778
1C4Z_ABC_D;DA156A;0.5184122443937323
1C4Z_ABC_D;DA156R;1.3752109916192383
1C4Z_ABC_D;MA157A;1.9292946357311085
1C4Z_ABC_D;MA158A;0.7585099974591628
1C4Z_ABC_D;IA159A;0.4104498198934667
1C4Z_ABC_D;TA160A;0.5658098474855437
1C4Z_ABC_D;IA163A;-0.08931036533592061
1C4Z_ABC_D;SA164A;-0.4104498198934667
1C4Z_ABC_D;TA166A;-0.1321353285651648
1C4Z_ABC_D;MA174A;-0.5729586737842415
1C4Z_ABC_D;FA194A;1.5956340472071848
1C4Z_ABC_D;YA198L;0.8208996397869334
1C4Z_ABC_D;SA243P,NA245P;-0.07569703200728692
1C4Z_ABC_D;CA324A;0.10796242450026569
3VR6_ABCDEF_GH;LG28N;0.30984343930282465
3VR6_ABCDEF_GH;LG29N;0.6747204770237961
3VR6_ABCDEF_GH;RG134A;0.8300805046158732
3VR6_ABCDEF_GH;RG135A;0.8988130957905932
3VR6_ABCDEF_GH;RG134A,RG135A;1.3993838956841376
3VR6_ABCDEF_GH;AG138S;-0.3407041336560725
3VR6_ABCDEF_GH;LG139N;0.7092246393657022
3VR6_ABCDEF_GH;RA476A,RB481A,RC471A;-0.278314491328302
3VR6_ABCDEF_GH;VD385A,VE385A,VF388A;0.6979451760507086
3VR6_ABCDEF_GH;LD386A,LE386A,LF389A;1.136200757536607
3VR6_ABCDEF_GH;RA476A,RB481A,RC471A,RG134A,RG135A;1.317319555878883
3VR6_ABCDEF_GH;VD385A,VE385A,VF388A,RG134A,RG135A;1.1307430790897581
3VR6_ABCDEF_GH;LA477A,LB482A,LC472A,VA478A,VB483A,VC473A;-0.22187619477042425
3VR6_ABCDEF_GH;LA477A,LB482A,LC472A,VA478A,VB483A,VC473A,LD386A,LE386A,LF389A;-0.17035206682803625
3VR6_ABCDEF_GH;LA477A,LB482A,LC472A,VA478A,VB483A,VC473A,RG134A,RG135A;2.0487692427160735
3VR6_ABCDEF_GH;LA477A,LB482A,LC472A,VA478A,VB483A,VC473A,LG139N;-0.07907113754481931
3VR6_ABCDEF_GH;RD347E,RE347E,RF350E;0.28749535615724187
3VR6_ABCDEF_GH;RD347K,RE347K,RF350K;1.2125493435282366
2BDN_HL_A;LH27R;0.6505475729588972
2BDN_HL_A;LH27K;0.8739638308072789
2BDN_HL_A;NH28D;0.13213532856516474
2BDN_HL_A;NH28Q;1.3993838956841376
2BDN_HL_A;DH31E;1.085170296917263
2BDN_HL_A;YL30K;0.6747204770237961
2BDN_HL_A;NL31R;-0.9171358609135254
2BDN_HL_A;NL31K;3.4895775413067254
2BDN_HL_A;SL53D;-0.16056417588782007
2BDN_HL_A;SL53E;-0.8512731651125435
2BDN_HL_A;TL56D;-0.4254418591294259
2BDN_HL_A;TL56E;-0.6887643112217686
1JTG_A_B;LA77A;0.8644336186569627
1JTG_A_B;KA86A;-0.8523284635111406
1JTG_A_B;MA244A;-0.05071354789425414
1JTD_A_B;QA73A;0.5149329675857207
1JTD_A_B;NA74A;0.7954500406416992
1JTD_A_B;LA76A;1.7214487980593849
1JTD_A_B;EA78A;0.8346765554419526
1JTD_A_B;YA79A;2.2346286205846897
1JTD_A_B;PA81A;1.7214487980593849
1JTD_A_B;EA84A;0.037960250086610636
1JTD_A_B;KA85A;2.1291439211750434
1JTD_A_B;MA103A;2.504453999285943
1JTD_A_B;VA190A;0.037960250086610636
1JTD_A_B;MA244A;0.2764466088361657
2DVW_A_B;RB7A;0.6932565726976194
2DVW_A_B;RB3A,RB7A;2.152294983815868
2DVW_A_B;RB3A,RB4A,RB7A;2.7887429878203207
2DVW_A_B;EB21A,EB22A;0.03832671206199791
2DVW_A_B;KB62E;0.20537064782972397
2DVW_A_B;RA39A;0.910166009883806
2DVW_A_B;KA114A;0.03418865245701254
2DVW_A_B;DA37A,DA69A;0.19152582352093564
2DVW_A_B;RA39A,KA114A;2.3614077980582158
2DVW_A_B;EA180A;0.4379568339591098
3WWN_A_B;RA221E;-0.3760715166738487
3WWN_A_B;RA224E;1.445188361491832
3WWN_A_B;KA225E;0.1746825747091636
3F1S_A_B;MA33A;1.2383572801635263
3F1S_A_B;DA36A;2.184384428032498
3F1S_A_B;DA200A;0.5541974979720876
3F1S_A_B;KA201A;-2.0787811949775064
3F1S_A_B;KA201C;-1.6940934390552336
3F1S_A_B;YA202A;2.994614339158992
3F1S_A_B;DA255A;3.759075682388047
1KNE_A_P;TP2K;-0.31421359876687466
1KNE_A_P;TP2I;0.27394433186425193
1KNE_A_P;TP2F;0.09623622112659207
1KNE_A_P;TP2L;0.2041986456268578
1KNE_A_P;AA3F;-0.11497024498339195
1KNE_A_P;AA3F,TP2K;-0.035899107438572685
1KNE_A_P;AA3F,TP2I;0.5894466230215661
1KNE_A_P;AA3F,TP2F;0.803222090643367
1KNE_A_P;AA3F,TP2L;0.3927722707499004
1KNE_A_P;AA3K;0.894503019926584
1KNE_A_P;AA3K,TP2K;1.598919887931542
1KNE_A_P;AA3K,TP2I;1.3973313670443863
1KNE_A_P;AA3K,TP2F;1.4685373596191376
1KNE_A_P;AA3K,TP2L;1.833531066421305
1KNE_A_P;AA3L;0.0
1KNE_A_P;AA3L,TP2K;-0.15885357117479756
1KNE_A_P;AA3L,TP2I;0.06586269580098204
1KNE_A_P;AA3L,TP2F;0.25159624871866915
1KNE_A_P;AA3L,TP2L;0.25159624871866915
1KNE_A_P;AA3T;-0.3766032410946452
1KNE_A_P;AA3T,TP2K;-0.31421359876687466
1KNE_A_P;AA3T,TP2I;0.6021816067409048
1KNE_A_P;AA3T,TP2F;0.7850005323483608
1KNE_A_P;AA3T,TP2L;0.5631243375779367
1KNE_A_P;DA40F;-0.6167009941600756
1KNE_A_P;DA40F,TP2K;-0.2062511742666089
1KNE_A_P;DA40F,TP2I;0.2041986456268578
1KNE_A_P;DA40F,TP2F;-0.15885357117479756
1KNE_A_P;DA40F,TP2L;0.29547957491007476
1KNE_A_P;DA40I;0.46052080865337686
1KNE_A_P;DA40I,TP2K;0.5894466230215661
1KNE_A_P;DA40I,TP2I;0.6146484655203245
1KNE_A_P;DA40I,TP2F;1.0948439716511853
1KNE_A_P;DA40I,TP2L;0.576431727257453
1KNE_A_P;DA40K;-0.3766032410946452
1KNE_A_P;DA40K,TP2K;0.3363339741920225
1KNE_A_P;DA40K,TP2I;0.0
1KNE_A_P;DA40K,TP2F;-0.035899107438572685
1KNE_A_P;DA40K,TP2L;-0.31421359876687466
1KNE_A_P;DA40T;0.49169400178409955
1KNE_A_P;DA40T,TP2K;0.7267088573770233
1KNE_A_P;DA40T,TP2I;0.8867623355879155
1KNE_A_P;DA40T,TP2F;1.2399941959804632
1KNE_A_P;DA40T,TP2L;0.25159624871866915
1KNE_A_P;KA24A;-1.2672485671189728
1KNE_A_P;KA24A,AA3K;-0.2577753022089968
4E6K_AB_G;EA81A,EB81A;2.5575031417582674
4E6K_AB_G;LA68A,LB68A;2.641689497503741
4E6K_AB_G;EA85A,EB85A;3.040112302539896
4E6K_AB_G;YG2F;0.6895508708859396
4E6K_AB_G;KG40A;0.4966797684802742
4E6K_AB_G;LG5A;1.8833178211205013
2DSQ_I_G;RI20A;0.06110094993733108
2DSQ_I_G;RI35A;0.6101016965766944
2DSQ_I_G;RI40A;-0.08771587384488241
2DSQ_I_G;RI41A;0.08882385555165839
1WQJ_I_B;RI20A;0.6792111521939087
1WQJ_I_B;RI35A,RI36A;1.027993909372993
1WQJ_I_B;RI49A;0.2681102559075346
1WQJ_I_B;RI54A;0.059411149590510984
1WQJ_I_B;RI55A;0.40219666999300446
3W2D_A_HL;YA45F;0.8778955201145351
3W2D_A_HL;YA45L;2.3646249725038455
3W2D_A_HL;KA67R;-0.4280963783831103
3W2D_A_HL;KA67N;4.621681374012324
4BFI_A_B;LB29K;2.0764220035322327
4BFI_A_B;NB43D;2.72696957649113
4BFI_A_B;NB43A;2.3165197565976627
4BFI_A_B;LB91A;1.3065528243646436
4BFI_A_B;NB93K;2.72696957649113
4BFI_A_B;FB95D;2.72696957649113
4BFI_A_B;FB95A;2.0764220035322327
4BFI_A_B;KB99E;2.3165197565976627
4BFI_A_B;QB6K;-0.01196311232650121
4BFI_A_B;SB17D;0.030768163074101317
4BFI_A_B;QB26K;-0.21972681339169373
4EKD_A_B;CA147R;-0.05643829655787775
4GNK_A_B;KA294A;0.09892173103419925
4GNK_A_B;DA279A,PA281D;0.12126981417978208
4GNK_A_B;LB764A;-1.4199230848034428
4GNK_A_B;KA294A,LB764A;-1.5520584133686075
4GNK_A_B;LB764A,DA279A,PA281D;-1.7224104801966436
4GNK_A_B;TB540E;-0.18857362512304252
4GU0_A_E;LE20A,TE22A,RE26A;0.8944206797930617
4HSA_AB_C;RA28V;0.5808018867215029
4HSA_AB_C;WA40V;-0.22231401654245395
4HSA_AB_C;YA58I;0.11751350123228903
4HSA_AB_C;HA59S;-0.12258425183314141
4J2L_A_CD;WC17A;2.229461372688315
4J2L_A_CD;LC20S;1.6876507880022467
4J2L_A_CD;VA23A,SA34D;2.2655428215970566
4J2L_A_CD;VA23A,LA118E;0.4366266308443626
4J2L_A_CD;SA34D,LA118E;0.6966570443274028
4J2L_A_CD;VA23A;0.08984540392637017
4J2L_A_CD;SA34D;-0.9700032903704411
4J2L_A_CD;LA118E;-0.6308072810288737
4JEU_A_B;RA169A;-0.4104498198934667
4JEU_A_B;RA37C;0.9091516421606926
4JEU_A_B;LB147A,EB148A;1.1013029931637521
4JEU_A_B;IB215A;3.240070987800128
4JEU_A_B;RB3A;1.1276016716177635
4JEU_A_B;TB4A;0.180832940784374
4JEU_A_B;LB7A;1.1083949959441752
4JGH_ABC_D;WD44A;2.0481520467409764
4KRL_A_B;RB30A;1.7201940562002709
4KRL_A_B;DB112A;0.6496455866158837
4KRL_A_B;DA49T,FA51A;1.8523293847654356
4KRO_A_B;RB15A;1.5832116016372584
4KRO_A_B;DB92A;1.5041404640924394
4KRO_A_B;DA321T,FA323A;0.12696364573831317
4KRP_A_B;EB105A;1.6059559068917657
4KRP_A_B;DA277T,FA279A;0.358276756083728
4LRX_AB_CD;HA56N;0.3202471263929302
4MYW_A_B;IB48A;2.571919495998353
4MYW_A_B;TB31A,QB32A,EB93A,NB101A;-0.5295534035738952
3U82_A_B;IB45A;2.5948342479259647
3U82_A_B;TB28A,QB29A,EB90A,NB98A;-1.010184276305819
4NM8_ABCDEF_HL;IB18M;0.10977387457577349
4NM8_ABCDEF_HL;DB19N;0.6614628006931067
4NM8_ABCDEF_HL;RB25M;3.4421617107494913
4NM8_ABCDEF_HL;TB32E;-0.5516889261173332
4NM8_ABCDEF_HL;TB32I;-0.050203181908685265
4NM8_ABCDEF_HL;TB32R;1.221126537280206
4NM8_ABCDEF_HL;QB34T;2.3308090480450585
4NM8_ABCDEF_HL;QB34R;2.97531046266177
4NM8_ABCDEF_HL;LB38Y;-0.615125374524429
4NZW_A_B;KA77A;0.07597894294795739
4NZW_A_B;EB49A;0.3253052555723036
4NZW_A_B;EB124A;0.3569999864500516
4O27_A_B;YA215A;1.1947096968360813
4O27_A_B;KA88A;1.0243576300080453
4O27_A_B;EB42A;0.3712848765926086
4O27_A_B;EB122A;0.3015391903552144
4OFY_A_D;QA34A;1.1761643993991857
4OFY_A_D;MA36A;0.08406824669125142
4OFY_A_D;DA38A;0.5485766388961573
4OFY_A_D;FA40A;4.602137514903186
4OFY_A_D;QA85A;1.7323628811864507
4OFY_A_D;SA87A;0.142087729554972
4OFY_A_D;EA88A;0.28206627105739823
4OFY_A_D;QA34A,FA40A;4.138623503989373
4OFY_A_D;QA34A,MA36A,FA40A,SA87A;4.45933245767758
4OFY_A_D;QD34A;2.8690573060461015
4OFY_A_D;LD42A;2.5665699106529005
4OFY_A_D;QD86A;4.642991914185133
4OFY_A_D;RD96A;3.4194856674419944
4OZG_ABJ_GH;NG29A;-0.07042084151114886
4OZG_ABJ_GH;YG31A;1.7139186859195457
4OZG_ABJ_GH;YG33F;1.7139186859195457
4OZG_ABJ_GH;LG50A;1.1656968201661393
4OZG_ABJ_GH;YH46F;-0.635959030508356
4OZG_ABJ_GH;QH48A;0.7912507318301759
4OZG_ABJ_GH;NH50A;-0.10910640438123939
4OZG_ABJ_GH;FH94A;1.410001280625847
4OZG_ABJ_GH;RH95A;1.7139186859195457
4OZG_ABJ_GH;FH96A;0.8682847166419517
4OZG_ABJ_GH;DH98A;1.6215759108907808
4OZG_ABJ_GH;YH101F;0.5245696899066599
4P5T_CD_AB;KC40A;1.13800886251301
4P5T_CD_AB;DC56A;0.6167009941600756
4P5T_CD_AB;QC58A;0.0
4P5T_CD_AB;LC61A;1.009473264909976
4P5T_CD_AB;QC62A;0.0
4P5T_CD_AB;NC63A;1.4956201168107295
4P5T_CD_AB;VC66A;0.8682972428787448
4P5T_CD_AB;KC68A;0.9912517066149696
4P5T_CD_AB;HC69A;1.009473264909976
4P5T_CD_AB;VC73A;0.0
4P5T_CD_AB;KC76A;0.35892569195107876
4P5T_CD_AB;FD1A;0.0
4P5T_CD_AB;ED2A;1.0609973928523637
4P5T_CD_AB;QD4A;1.6540090713122646
4P5T_CD_AB;KD5A;1.9905444241560133
4P5T_CD_AB;KD7A;1.5484586824064768
4P5T_CD_AB;ND9A;0.0
4P5T_CD_AB;KD10A;0.24009775306543044
4P5T_CD_AB;VD12A;0.09128092928321693
4P5T_CD_AB;DD13A;0.0
4P5T_CD_AB;ED67A;0.24009775306543044
4P5T_CD_AB;YD68A;0.17035206682803622
4P5T_CD_AB;SD71A;0.0
4P5T_CD_AB;QD72A;0.0
4P5T_CD_AB;PD73A;0.0
4P5T_CD_AB;ED74A;0.6167009941600756
4P5T_CD_AB;ID75A;0.09128092928321693
4P5T_CD_AB;ED77A;1.009473264909976
4P5T_CD_AB;RD78A;2.0734538072437907
4P5T_CD_AB;RD80A;0.0
4P5T_CD_AB;DD84A;0.0
4P5T_CD_AB;TD85A;0.8208996397869334
4P5T_CD_AB;RD88A;0.0
4P5T_CD_AB;HD89A;0.795697797288175
4P5T_CD_AB;ED92A;0.0
4P23_CD_AB;KC40A;1.1931327214175285
4P23_CD_AB;DC56A;0.9912517066149696
4P23_CD_AB;QC58A;0.9724515904628064
4P23_CD_AB;LC61A;0.9530349683520981
4P23_CD_AB;QC62A;1.9100045287196306
4P23_CD_AB;NC63A;1.5112040140866596
4P23_CD_AB;VC66A;1.1662119984093786
4P23_CD_AB;KC68A;0.6825636899610578
4P23_CD_AB;HC69A;0.6167009941600756
4P23_CD_AB;VC73A;0.0
4P23_CD_AB;KC76A;0.17035206682803622
4P23_CD_AB;FD1A;0.0
4P23_CD_AB;ED2A;1.1662119984093786
4P23_CD_AB;QD4A;0.6825636899610578
4P23_CD_AB;KD5A;2.2295001249490336
4P23_CD_AB;KD7A;2.5670522099736752
4P23_CD_AB;ND9A;0.0
4P23_CD_AB;KD10A;0.09128092928321693
4P23_CD_AB;VD12A;0.0
4P23_CD_AB;DD13A;0.17035206682803622
4P23_CD_AB;ED68A;0.09128092928321693
4P23_CD_AB;YD69A;0.24009775306543044
4P23_CD_AB;SD72A;0.0
4P23_CD_AB;QD73A;0.17035206682803622
4P23_CD_AB;PD74A;0.09128092928321693
4P23_CD_AB;ED75A;0.17035206682803622
4P23_CD_AB;ID76A;0.17035206682803622
4P23_CD_AB;ED78A;0.17035206682803622
4P23_CD_AB;RD79A;2.07047065776234
4P23_CD_AB;RD81A;0.09128092928321693
4P23_CD_AB;DD85A;0.09128092928321693
4P23_CD_AB;TD86A;0.0
4P23_CD_AB;RD89A;0.09128092928321693
4P23_CD_AB;HD90A;0.17035206682803622
4P23_CD_AB;ED93A;0.09128092928321693
3C60_CD_AB;KC40A;1.593630140321188
3C60_CD_AB;DC56A;0.6979451760507086
3C60_CD_AB;QC58A;0.9628228592923143
3C60_CD_AB;LC61A;0.9430825673622909
3C60_CD_AB;QC62A;0.8682972428787448
3C60_CD_AB;NC63A;0.9530349683520981
3C60_CD_AB;VC66A;1.2495710179754063
3C60_CD_AB;KC68A;0.5620017705693396
3C60_CD_AB;HC69A;0.35892569195107876
3C60_CD_AB;VC73A;0.0
3C60_CD_AB;KC76A;0.047397603091811374
3C60_CD_AB;FD1A;0.0
3C60_CD_AB;ED2A;0.047397603091811374
3C60_CD_AB;QD4A;1.1662119984093786
3C60_CD_AB;KD5A;1.1522783221355808
3C60_CD_AB;KD7A;2.150102281785061
3C60_CD_AB;ND9A;0.0
3C60_CD_AB;KD10A;0.0
3C60_CD_AB;VD12A;0.0
3C60_CD_AB;DD13A;0.047397603091811374
3C60_CD_AB;ED69A;0.047397603091811374
3C60_CD_AB;YD70A;0.0
3C60_CD_AB;SD73A;0.0
3C60_CD_AB;QD74A;0.0
3C60_CD_AB;PD75A;0.0
3C60_CD_AB;ED76A;0.0
3C60_CD_AB;ID77A;0.047397603091811374
3C60_CD_AB;ED79A;0.047397603091811374
3C60_CD_AB;RD80A;2.025435952791516
3C60_CD_AB;RD82A;0.0
3C60_CD_AB;DD86A;0.047397603091811374
3C60_CD_AB;TD87A;1.1662119984093786
3C60_CD_AB;RD90A;0.047397603091811374
3C60_CD_AB;HD91A;1.0851702969172627
3C60_CD_AB;ED94A;0.0
4PWX_AB_CD;FA194A;1.7283618259665363
4PWX_AB_CD;YA198A;1.7283618259665363
4PWX_AB_CD;EA201K;1.7283618259665363
4PWX_AB_CD;QA205A;1.0134474672080227
4PWX_AB_CD;EA206A;1.038649309706781
4PWX_AB_CD;EA246K;1.7283618259665363
4PWX_AB_CD;DA250A;1.1428036572908427
4PWX_AB_CD;RB269A;1.7283618259665363
4PWX_AB_CD;KB65A;0.2023681838301968
4PWX_AB_CD;KB65D;0.11882793888564841
4PWX_AB_CD;KB68A;0.44763761972247895
4PWX_AB_CD;KB68D;0.2616329961112533
4PWX_AB_CD;RB71A;0.35892569195107876
4PWX_AB_CD;KC1A;0.46788417037786223
4PWX_AB_CD;KC9A;-0.273944331864252
4PWX_AB_CD;YC15A;0.7542300847254093
4PWX_AB_CD;YC16A;1.1443933331977592
4PWX_AB_CD;EC17A;-0.6843941517577187
4PWX_AB_CD;HC19A;-0.34806017756569624
4PWX_AB_CD;QC20A;-0.17770811073765994
4PWX_AB_CD;RC23A;1.7283618259665363
4PWX_AB_CD;RC28A;1.7283618259665363
4PWX_AB_CD;RC31A;0.3345035123953615
4PWX_AB_CD;DC60K;0.37076916513792796
4PWX_AB_CD;EC67K;1.1033120984716684
2C5D_A_C;GC6S;0.09892173103419925
2C5D_A_C;DC61G;-0.5035278792956632
2C5D_A_C;VC66A;-0.5990234450165092
2C5D_A_C;GC101R;-0.018221558295006327
2C5D_A_C;GC6S,DC61G;-0.5292777587791151
2C5D_A_C;GC6S,VC66A;-0.8465697732707099
2C5D_A_C;GC6S,GC101R;0.034842632725339176
2C5D_A_C;DC61G,GC101R;-0.5608067067536378
2C5D_A_C;VC66A,GC101R;-0.6559554088974306
2C5D_A_C;DC61G,VC66A;-1.0398467902355861
2C5D_A_C;DC61G,VC66A,GC101R;-0.8694947234075497
2C5D_A_C;GC6S,VC66A,GC101R;-0.7962962348526956
2C5D_A_C;GC6S,DC61G,GC101R;-0.5516258419246978
2C5D_A_C;GC6S,DC61G,VC66R;-1.2349491906425307
2C5D_A_C;GC6S,DC61G,VC66R,GC101R;-1.4823127271312133
2C5D_A_C;EC33R,TC51R;6.110438071711049
4RA0_A_C;SC6G,GC61D,AC66V,RC101G;1.1828010046229587
4RA0_A_C;GC61D,AC66V,RC101G;1.1084887060129578
4RA0_A_C;SC6G,AC66V,RC101G;0.7106253923655887
4RA0_A_C;SC6G,GC61D,AC66V;1.1452242435349949
4RA0_A_C;AC66V,RC101G;0.9530349683520982
4RA0_A_C;GC61D,AC66V;1.1015859260675351
4RA0_A_C;SC6G,AC66V;0.7671620120506195
4RA0_A_C;AC66V;0.9306868852065153
4RA0_A_C;RC101G;0.24736353648868253
2C5D_AB_CD;TA26D,TB26D;0.7246634186603413
2C5D_AB_CD;RA32E,RB32E;1.711544965811261
2C5D_AB_CD;KA34E,KB34E;1.9472400672224666
2C5D_AB_CD;RA32E,KA34E,RB32E,KA34E;3.9583190361715297
2C5D_AB_CD;AA126V,AB126V;0.7585099974591628
2C5D_AB_CD;FA207A,FB207A;0.3709142511210571
2C5D_AB_CD;QC28R,QD28R;0.09128092928321704
2C5D_AB_CD;EC30R,ED30R;0.302487395393201
2C5D_AB_CD;EC33R,ED33R;1.6540090713122646
2C5D_AB_CD;EC30R,EC33R,ED30R,EC33R;1.8480504538404756
2C5D_AB_CD;TC51R,TD51R;2.3378434783268256
2C5D_AB_CD;QC96R,QD96R;0.302487395393201
2C5D_AB_CD;LC105E,LD105E;0.24009775306543044
2C5D_AB_CD;KC178E,KD178E;0.7418285022421142
2C5D_AB_CD;TC182E,TD182E;0.7418285022421142
2C5D_AB_CD;FA209A,FB209A;1.0609973928523637
2C5D_AB_CD;WA238F,WB238F;0.9819262553075445
2C5D_AB_CD;LA324A,LB324A;2.03344898331517
2C5D_AB_CD;YA364A,YB364A;0.9819262553075445
4U6H_AB_E;NE21A;-0.3480601775656961
4U6H_AB_E;QE25A;0.1188279388856483
4X4M_AB_E;KE153A;0.6392249733175546
4X4M_AB_E;HE154A;0.3829028102910354
4X4M_AB_E;RE155A;1.7392958500652826
4X4M_AB_E;KE153A,HE154A,RE155A;1.787241997818548
4X4M_AB_E;KE153E;0.9530349683520981
4X4M_AB_E;HE154E;1.9841308597537421
4X4M_AB_E;RE155E;0.6415068794928308
4Y61_A_B;YA246A;-0.07812141172825339
4Y61_A_B;RB86A;-0.19295610585384976
4Y61_A_B;FB219A,HB222A;0.289028772429835
4YEB_A_B;DA133A;1.3669783318282853
4YEB_A_B;AA114S;0.06935623938370253
4YEB_A_B;RB88T;0.2774378754469724
4YEB_A_B;FB131A;2.4162495213069755
4YFD_A_B;RA48A;0.2848098462496347
4YFD_A_B;RA169A;0.15936559361888625
4YFD_A_B;EA259A;1.2159106803857611
4YFD_A_B;EA207G,LA208S,RA209S,EA210G;-0.035899107438572615
4YFD_A_B;EA207Q,RA209E,EA210Q;0.17252511117385
4YFD_A_B;WB4A;1.1320317714801975
4YFD_A_B;DB7A;-0.05469922359073594
4YFD_A_B;KB71A;1.4743428367050326
4YH7_A_B;RA48A;1.7330802088570838
4YH7_A_B;RA169A;1.4376006339470089
4YH7_A_B;YA246A;1.0340766698442139
4YH7_A_B;EA207G,LA208S,RA209S,EA210G;-0.04085439928194764
4YH7_A_B;EA207Q,RA209E,EA210Q;0.03821673826287152
4YH7_A_B;DB7A;1.6417992795738667
4YH7_A_B;MB45A,YB47A,PB58A,FB61A;1.7330802088570838
4YH7_A_B;DB258A;1.5902751516314788
4ZS6_HL_A;YA160A;-0.11024433067554203
4ZS6_HL_A;EA156A;3.038497665350397
5C6T_HL_A;YA182A;3.208176447376286
5C6T_HL_A;NA183A;0.283981079256836
5C6T_HL_A;TA185A;0.33785037430289694
5C6T_HL_A;NA186A;0.3630522168016553
5C6T_HL_A;NA188A;-0.366566493702061
5C6T_HL_A;FA192A;1.997090521327386
5C6T_HL_A;EA194A;1.0906112594211987
5C6T_HL_A;NA195A,DA197A;0.586468474650037
5C6T_HL_A;YA182A,NA195A,DA197A;2.942261444223805
5C6T_HL_A;FA199A;2.7580259624571193
5C6T_HL_A;FA200A;0.4104498198934667
5C6T_HL_A;IA201A;0.8855624285518209
5C6T_HL_A;RH31S;0.31152808885926736
5C6T_HL_A;SH32A;-0.8682972428787448
5C6T_HL_A;NH97A;1.5258114128935738
5C6T_HL_A;YH98A;1.7165846040574129
5C6T_HL_A;FH99A;1.459948717092592
5C6T_HL_A;YH104A;0.3630522168016553
5C6T_HL_A;YL47A;0.5516258419246979
5C6T_HL_A;RL48A;0.12295446373622487
5CXB_A_B;EB49D;0.3648770377209715
5CXB_A_B;TB52Q;0.06238964232777046
5CXB_A_B;RB54A;0.5641203915044543
5CXB_A_B;RB54E;2.6790234287378643
5CXB_A_B;VB56W;0.5641203915044543
5CYK_A_B;EB52R;-2.6790234287378643
5CYK_A_B;EB52R,EB47D;-2.3141463910168927
5CYK_A_B;EB52R,TB50Q;-2.6166337864100937
5CYK_A_B;EB52A;-2.11490303723341
5CYK_A_B;EB52R,VB54W;-2.11490303723341
4RS1_A_B;RB47A,EB48A,HB52A;-0.5463133071724476
4RS1_A_B;NB116A,SB117A,KB118A,RB119A;-0.046366155487885946
4RS1_A_B;LB146A,TB147A,SB148A;-0.21582575203440701
4RS1_A_B;NB150A;-0.046366155487885946
4RS1_A_B;YB151A;-0.6555236856007728
4RS1_A_B;YB151F;-0.4488317566285197
4RS1_A_B;TB172A;0.48047073454376094
4RS1_A_B;KB174A;0.8707697054256396
4RS1_A_B;IB175A;-0.2758420287814073
4RS1_A_B;EB176A;-0.6942403427786843
4RS1_A_B;YB201A,YB206A;0.7205684876091913
4RS1_A_B;QB202A;1.3534903920130397
4RS1_A_B;KB203A;0.2761425855987939
4RS1_A_B;LB204A;0.07221814878428882
4RS1_A_B;SB205A;0.61567991312425
4RS1_A_B;EA25A;1.5018207380714406
4RS1_A_B;EA25K;2.139060921350821
4RS1_A_B;DA28A;2.5909256270041374
4RS1_A_B;DA28K;3.617614902515457
4RS1_A_B;QA79A;0.46971463217452325
4RS1_A_B;QA79E;1.2115431344166372
4RS1_A_B;DA92A;1.8651872937379124
4RS1_A_B;DA92K;3.476779933137494
4RS1_A_B;LA95A;2.3643966425320655
4RS1_A_B;FA99A;3.624500490792619
4RS1_A_B;LA95A,FA99A;4.120827890062305
4RS1_A_B;EA25K,DA28K;4.120827890062305
4RS1_A_B;EA25K,DA92K;4.120827890062305
4RS1_A_B;DA28K,DA92K;4.120827890062305
4NKQ_C_AB;LB77A,TB78A,SB79A;0.10997313583695989
4NKQ_C_AB;RB80A,NB81A,YB82A;-0.33137868234864737
4NKQ_C_AB;RB80A;0.11992553682676697
4NKQ_C_AB;RB80D;-0.07734725300941928
4NKQ_C_AB;NB81A;0.0998506001183011
4NKQ_C_AB;YB82A;-0.37526200854005304
4NKQ_C_AB;YB82F;-0.23408598650882184
4NKQ_C_AB;DB87A,TB88A,KB89A;0.35340697614709754
4NKQ_C_AB;DB87A;0.15814227508963855
4NKQ_C_AB;DB87R;0.2026861188282743
4NKQ_C_AB;TB88A;0.3191688906102498
4NKQ_C_AB;KB89A;0.38577316937564937
4NKQ_C_AB;KB89D;1.060997392852364
4NKQ_C_AB;KB90A,IB91A,EB92A;-0.7009741029601665
4NKQ_C_AB;KB90A;-0.1992433537834827
4NKQ_C_AB;KB90D;-0.1992433537834827
4NKQ_C_AB;IB91A;-0.050426530001269274
4NKQ_C_AB;EB92A;-0.35291392539447025
4NKQ_C_AB;YB119A,QB120A,KB121A,LB122A,SB123A,YB124A;-0.3105992197751656
4NKQ_C_AB;YB119A,YB124A;-0.6268582572587221
4NKQ_C_AB;QB120A;-0.39848670756696525
4NKQ_C_AB;KB121A;-0.5609955614577402
4NKQ_C_AB;LB122A;0.2360557310932984
4NKQ_C_AB;SB123A;0.27528556441884416
4NKQ_C_AB;DB126A;0.10997313583695989
4NKQ_C_AB;DB176A,VB177A,RB178A,IB179A;-0.12017221623866338
4NKQ_C_AB;DB176A;1.5108800982597206
4NKQ_C_AB;DB176E;0.4679857143924632
4NKQ_C_AB;RB178A;0.3600232898921974
4NKQ_C_AB;RB178D;-0.2905242830666997
4NKQ_C_AB;RB80D,KB90D;1.3130582582442958
4NKQ_C_AB;DC99K;-0.33137868234864737
4NKQ_C_AB;DC99K,RB80D;0.17636383338464484
4NKQ_C_AB;DC99K,DB87R;0.8148262130105894
4NKQ_C_AB;DC99K,KB90D;-0.5017307491766837
4NKQ_C_AB;DC99K,RB80D,KB90D;0.5352895253357237
4RS1_A_B;EA88A;0.4427468686153098
4RS1_A_B;EA88Q;0.8593431464295715
4RS1_A_B;EA88K;0.3126325867489606
4RS1_A_B;NA89D;0.27465718875869366
4RS1_A_B;NA89A;1.1985073727675215
4RS1_A_B;NA89K;0.8455818058582457
4RS1_A_B;KA91A;-0.1068683149677838
4RS1_A_B;KA91Q;0.25463952995435507
4RS1_A_B;KA91E;0.11630979778095539
4RS1_A_B;DA92N;1.328621654633871
4RS1_A_B;DA92R;2.908171490331447
4NKQ_C_AB;RB178M;2.133302715696274
4NKQ_C_AB;DB176A,VB177A;1.929408070349533
4NKQ_C_AB;DB176Q,VB177Q;2.0654031965562747
4NKQ_C_AB;DB176N;1.8041486235519044
4NKQ_C_AB;IB179A,LB180A;0.2521746411460418
4NKQ_C_AB;IB179Q,LB180Q;0.7954663683384553
4NKQ_C_AB;RB156Q;0.5355387503885167
4RS1_A_B;IA6G;0.8558565769078972
4RS1_A_B;EA8R;0.394225409932378
4RS1_A_B;RA10D;0.1783005609318466
4RS1_A_B;RA11D;0.19002676430552032
4NKQ_C_AB;NC4E;-0.3903748831850008
4NKQ_C_AB;IC6G;0.3342885354753405
4NKQ_C_AB;EC8R;2.63908208869933
4NKQ_C_AB;RC10D;0.11135586599168286
4NKQ_C_AB;RC11D;-0.2054009890240889
4NKQ_C_AB;NC14D;-0.6015813492949847
4NKQ_C_AB;LC15D;-0.2350148555929237
5E6P_A_B;IB22A;0.27364478509796136
5E6P_A_B;LB24A;0.9132771303226488
5E6P_A_B;RB42A;0.6772078630469068
5E6P_A_B;RB42E;1.744170604646766
5E6P_A_B;YA468A;0.3581724300179462
5E6P_A_B;AA494E;1.0986867684469825
5E6P_A_B;AA495E;1.5766767939735624
1U7F_B_AC;RB65A;1.8070270137571762
1U7F_B_AC;DB140A;2.780084082156127
2REX_A_B;LA70Y;0.5574695135567007
2REX_A_B;YB97F;0.0
3Q3J_A_B;YB100F;0.21120646610998398
3NVQ_B_A;RA157E;1.5710015050314574
3NVQ_B_A;RA159E;1.5862450885498993
3NVN_B_A;RA193E;2.5269944259938435
3NVN_B_A;RB186S;1.2892642094798314
1LFD_A_B;IA5A;1.448300168637865
1LFD_A_B;NA14A;0.9484676898339045
1LFD_A_B;NA16A;0.49920409855248543
1LFD_A_B;YA18F;1.3481602963683943
1LFD_A_B;SA20A;0.9486537167734461
1LFD_A_B;HA40A;1.497945762962267
1LFD_A_B;QB25A;0.900184976617754
1LFD_A_B;DB33A;1.1002308883551617
1LFD_A_B;SB39A;-0.7506170533788774
1LFD_A_B;YB40F;2.1479650985645473
1LFD_A_B;RB41A;0.848414203712303
1LFD_A_B;YA18A;3.5959918460080376
1LFD_A_B;VB29A;0.4966974467059712
1LFD_A_B;EB37A;1.1964931036409272
1LFD_A_B;DB38A;3.8956348300811774
1LFD_A_B;YB40A;3.6958064126404855
1LFD_A_B;EB62A;0.19847690432741275
1LFD_A_B;EB63A;0.29711119288548665
4G0N_A_B;RB6A;2.1584183895076396
4G0N_A_B;NB11A;0.6805990509526363
4G0N_A_B;QB13A;2.2422237531726843
4G0N_A_B;RB14A;1.9411214723236687
4G0N_A_B;TB15A;1.8283216595788807
4G0N_A_B;VB16A;1.1656384993321742
4G0N_A_B;KB31A;2.606772051425445
4G0N_A_B;VB35A;-0.0036238177721247475
4G0N_A_B;IA21A;0.9000121781144149
4G0N_A_B;HA27A;-0.30029885805308687
4G0N_A_B;EA31A;0.9444824271546408
4G0N_A_B;DA33A;0.894458282144351
4G0N_A_B;IA36A;1.8005416912361782
4G0N_A_B;EA37A;1.8005416912361782
4G0N_A_B;DA38A;3.299505972846071
4G0N_A_B;SA39A;0.3003045671780491
4G0N_A_B;RA41A;-0.3537248834732163
4G0N_A_B;VA45A;-0.30029885805308687
1GUA_A_B;RB4A;1.0003401701142856
1GUA_A_B;NB9A;-0.3997371955164157
1GUA_A_B;KB10A;-0.3997371955164157
1GUA_A_B;QB11A;0.1003060235364246
1GUA_A_B;TB13A;0.700802489013249
1GUA_A_B;VB14A;0.1003060235364246
1GUA_A_B;KB29A;1.9982081904743552
1GUA_A_B;KB32A;0.7988748477961156
1GUA_A_B;VB33A;0.1999293126435033
1GUA_A_B;EA37A;1.300160200998665
1GUA_A_B;SA39A;1.399595820739675
1LFD_A_B;NA16A,QB25A;0.30162982258626303
1LFD_A_B;KA19A,QB25A;2.5000077978718016
1LFD_A_B;DA38A,DB33A;0.20022191863281927
1LFD_A_B;HA40A,DB33A;2.2004466897171864
1LFD_A_B;NA16A,SB39A;0.0
1LFD_A_B;YA18F,SB39A;0.8004108574707821
1LFD_A_B;KA35A,SB39A;-0.09962328910707867
1LFD_A_B;HA40A,SB39A;0.5008731763697457
1LFD_A_B;NA16A,YB40F;2.3000096270075354
1LFD_A_B;YA18F,YB40F;2.600378401465622
1LFD_A_B;SA20A,YB40F;1.7982788778308518
1LFD_A_B;NA14A,RB41A;1.5473743804464717
1LFD_A_B;NA16A,RB41A;1.0983411402413177
1LFD_A_B;YA18F,RB41A;1.7982788778308518
1LFD_A_B;HA40A,VB29A;1.9959205701215592
1LFD_A_B;RA7A,EB37A;2.0968289694081848
1LFD_A_B;NA14A,EB37A;1.9959205701215592
1LFD_A_B;YA18F,EB37A;1.2966411005931835
1LFD_A_B;YA18A,EB37A;3.5959918460080376
1LFD_A_B;SA20A,EB37A;2.2960654225128656
1LFD_A_B;YA18A,DB38A;4.8952060924962835
1LFD_A_B;SA20A,DB38A;3.2959910869610085
1LFD_A_B;KA39A,DB38A;6.095426809800917
1LFD_A_B;YA18A,SB39A;4.095029106768197
1LFD_A_B;KA35A,EB63A;0.29711119288548665
4G0N_A_B;TB15A,IA21A;2.2001163676742053
4G0N_A_B;VB16A,IA21A;1.6026127577160345
4G0N_A_B;VB35A,IA21A;0.3003045671780491
4G0N_A_B;VB35A,HA27A;0.19891217066128117
4G0N_A_B;RB6A,EA31A;2.2001163676742053
4G0N_A_B;TB15A,EA31A;1.6026127577160345
4G0N_A_B;KB31A,EA31A;2.1001573736339587
4G0N_A_B;RB6A,DA33A;2.5997484654057583
4G0N_A_B;KB31A,DA33A;2.700140698515571
4G0N_A_B;RB6A,IA36A;4.398421201409822
4G0N_A_B;TB15A,IA36A;3.0998041541647656
4G0N_A_B;VB16A,IA36A;2.700140698515571
4G0N_A_B;RB6A,EA37A;2.4003300571748034
4G0N_A_B;TB15A,EA37A;2.8998214734828585
4G0N_A_B;VB16A,EA37A;2.799884032269779
4G0N_A_B;KB31A,EA37A;3.4994448420202753
4G0N_A_B;RB6A,DA38A;4.598549346867148
4G0N_A_B;TB15A,DA38A;3.0998041541647656
4G0N_A_B;QB13A,SA39A;2.1001573736339587
4G0N_A_B;RB14A,SA39A;2.3004198086928316
4G0N_A_B;TB15A,SA39A;2.0012721425728066
4G0N_A_B;NB11A,RA41A;-0.5997833454114376
4G0N_A_B;QB13A,RA41A;1.3000911222411375
4G0N_A_B;NB11A,VA45A;0.0
4G0N_A_B;QB13A,VA45A;1.6026127577160345
4G0N_A_B;RB14A,VA45A;1.8005416912361782
4G0N_A_B;TB15A,VA45A;1.1001522530669334
1GUA_A_B;RB4A,EA37A;1.300160200998665
1GUA_A_B;VB14A,EA37A;1.6998187624375876
1K8R_A_B;QB11A;1.8696073715953438
1K8R_A_B;RB13A;2.9123033451185467
1K8R_A_B;KB23A;0.6100846548372868
1K8R_A_B;KB31A;2.8367804319203023
1K8R_A_B;RB76A;0.7437028564266416
1K8R_A_B;RB77A;1.4939131291583951
1K8R_A_B;EA31K;0.17772671576581475
1K8R_A_B;DA30K,EA31K;0.4259470395766101
1K8R_A_B;DA33A;1.596116931725966
1K8R_A_B;EA37A;0.31795562359639423
1K8R_A_B;DA38A;1.7802372862289422
1K8R_A_B;DA38E;3.5742922910695394
1K8R_A_B;DA38N;1.9715976778068491
1K8R_A_B;SA39A;0.7437028564266416
1K8R_A_B;YA40C;3.5742922910695394
1K8R_A_B;YA40F;1.5512972390476025
1K8R_A_B;RA41A;1.2265854579970796
1K8R_A_B;DA57A;1.2265854579970796
1K8R_A_B;EA62A;0.4259470395766101
1K8R_A_B;EA63A;0.4259470395766101
4G0N_A_B;FB8W;0.6031499698670857
4G0N_A_B;VB35I;0.5516258419246979
4G0N_A_B;NB18R;-0.6979451760507086
4G0N_A_B;FB8W,NB18R;-0.2874953561572418
4G0N_A_B;FB8W,NB18R,VB35I;0.3630522168016552
4G0N_A_B;FB8W,RB14L,NB18R,VB35I;0.6031499698670857
4G0N_A_B;FB8W,VB16E,NB18R,VB35I;1.8178179343304373
4G0N_A_B;FB8W,RB14L,VB16E,NB18R,KB31R,VB35I;3.6022334164258063
4G0N_A_B;AB32K;-1.1083949959441752
4G0N_A_B;NB18R,AB32K;-1.2787470627722117
3KUD_A_B;KB30A;1.952931411267131
3KUD_A_B;KB30A,FB6W;2.166706878888932
3KUD_A_B;KB30A,VB33I;2.757517239127124
3KUD_A_B;KB30A,NB16R;0.7662004161961974
3KUD_A_B;KB30A,FB6W,NB16R;1.2046312170707674
3KUD_A_B;KB30A,FB6W,NB16R,VB33I;1.952931411267131
3KUD_A_B;KB30A,FB6W,RB12L,NB16R,VB33I;1.9656663949864697
3KUD_A_B;KB30A,FB6W,VB14E,NB16R,VB33I;3.9626571795278864
3KUD_A_B;KB30A,FB6W,RB12L,VB14E,NB16R,KB29R,VB33I;4.204193946472079
3KUD_A_B;NB16R;-0.797674940760021
4G0N_A_B;TA35A;2.662027577358035
4G0N_A_B;TA35A,NB18R;2.098770086677815
4G0N_A_B;TA35A,AB32K;2.577501676316009
4G0N_A_B;TA35A,NB18R,AB32K;1.9666347581126506
4G0N_A_B;YA32C,CA116S;0.7352852984322503
4G0N_A_B;YA32C,CA116S,NB18R;-0.366566493702061
4G0N_A_B;YA32C,CA116S,AB32K;-0.6415068794928308
4G0N_A_B;YA32C,CA116S,NB18R,AB32K;-1.730051281947626
3KUD_A_B;KB30A,TA35A;3.0391306466182533
3KUD_A_B;KB30A,TA35A,NB16R;1.5161593059300347
3KUD_A_B;TA35A;1.990343045504287
3KUD_A_B;TA35A,NB16R;1.4886122963276032
3KUD_A_B;KB30A,YA32C,CA118S;2.895577447891116
3KUD_A_B;KB30A,YA32C,CA118S,NB16R;1.6589643631556397
3KUD_A_B;YA32C,CA118S;0.9096872857247552
3KUD_A_B;YA32C,CA118S,NB16R;-0.035899107438572685
1GUA_A_B;DA30E;0.24009775306543035
1GUA_A_B;DA30E,EA31K;2.014032361204462
1C1Y_A_B;KA31E;-1.7739346081390317
1C1Y_A_B;KA31E,EA30D;-2.014032361204462
1C1Y_A_B;KB11M;0.7129372152866678
1C1Y_A_B;NB10A;0.5017307491766837
1C1Y_A_B;NB10D;1.4755451801022639
1C1Y_A_B;VB15A;1.1233870351801345
1C1Y_A_B;KB11A;1.1083949959441752
1C1Y_A_B;KB11E;0.8906453260243277
1C1Y_A_B;TB14A;1.4547657175287818
1C1Y_A_B;RB13A;1.4547657175287818
1C1Y_A_B;RB5A;1.9060699367041962
1C1Y_A_B;QB12A;1.5800946042625468
1C1Y_A_B;RB5A,NB10D;2.751142480556029
1C1Y_A_B;KB30A;1.3119606603031768
1C1Y_A_B;KB30E;2.2317820311243097
1C1Y_A_B;KB30A,RB35G;2.619007151990864
1C1Y_A_B;RB35L;2.619007151990864
4G0N_A_B;KB12M;1.3219130612929841
4G0N_A_B;NB11D;1.8080599131937376
4G0N_A_B;KB12A;1.8312846122206503
4G0N_A_B;KB12E;1.9160223376940035
4G0N_A_B;RB6A,NB11D;3.4194856674419944
4G0N_A_B;KB31E;5.063229625018816
4G0N_A_B;KB31A,RB36G;5.355929129471801
4G0N_A_B;RB36L;5.355929129471801
4G0N_A_B;TA35S;2.0275982221198285
1FFW_A_B;AA102V;1.363484788245565
1FFW_A_B;YA50C;0.12535671416955058
3EQS_A_B;TB1A;0.39164970374130337
3EQS_A_B;SB2A;1.2628784076549227
3EQS_A_B;FB3A;5.5557009562218145
3EQS_A_B;EB5A;1.1140615838727093
3EQS_A_B;YB6A;3.108990549061941
3EQS_A_B;WB7A;6.406974121334358
3EQS_A_B;NB8A;-1.1111772434417366
3EQS_A_B;LB9A;-0.17035206682803625
3EQS_A_B;LB10A;3.3326840974420553
3EQS_A_B;SB11A;0.11714328932920559
3LNZ_A_B;AB8N;1.1111772434417366
3EQY_A_C;TC1A;0.3745507124548941
3EQY_A_C;SC2A;0.8709706285468435
3EQY_A_C;FC3A;5.658137798609117
3EQY_A_C;EC5A;1.2225766485621252
3EQY_A_C;YC6A;2.58606143680769
3EQY_A_C;WC7A;6.043385776003825
3EQY_A_C;NC8A;-0.7488363227252404
3EQY_A_C;LC9A;0.033846578798821504
3EQY_A_C;LC10A;2.3234456123883342
3EQY_A_C;SC11A;0.1526745176844698
3EQY_A_C;PC12A;0.29547957491007476
3NGB_HL_G;IH30A;-0.0027430087905786064
3NGB_HL_G;TH33A;0.7071241017057855
3NGB_HL_G;WH47A;1.2021039051367122
3NGB_HL_G;WH50A;1.2917222779850355
3NGB_HL_G;KH52A;0.6228480612973323
3NGB_HL_G;RH54A;-0.25936982237356054
3NGB_HL_G;GH55A;-1.2765881752175356
3NGB_HL_G;GH56A;1.2655403535438077
3NGB_HL_G;VH58A;1.358352842043186
3NGB_HL_G;NH59A;1.767026097752456
3NGB_HL_G;YH60A;0.5483958127767049
3NGB_HL_G;RH62A;0.9957894224835755
3NGB_HL_G;PH63A;-0.042518087836159756
3NGB_HL_G;QH65A;-0.3403694454010485
3NGB_HL_G;MH70A;0.5305217168600094
3NGB_HL_G;RH72A;1.6431263110171448
3NGB_HL_G;VH74A;1.0878535089125154
3NGB_HL_G;YH75A;-0.19931116340429292
3NGB_HL_G;DH103A;0.05986809419852176
3NGB_HL_G;YH104A;1.4235070930082352
3NGB_HL_G;NH105A;1.1185119550021665
3NGB_HL_G;WH106A;4.462254004077101
3NGB_HL_G;VL1A;-0.7733202213559132
3NGB_HL_G;QL25A;-0.23059557082527507
3NGB_HL_G;YL26A;0.9852261798204274
3NGB_HL_G;SL28A;-0.1447037262014476
3NGB_HL_G;YL87A;2.0226759302445387
3NGB_HL_G;EL88A;1.3198770410092016
3NGB_HL_G;FL89A;0.8588135708806732
3SE8_HL_G;RH30A;-0.03949542767587871
3SE8_HL_G;WH47A;1.4750646971599493
3SE8_HL_G;WH50A;1.3334519077496003
3SE8_HL_G;KH52A;1.1113526627044326
3SE8_HL_G;LH54A;0.05477314227837738
3SE8_HL_G;WH55A;0.7610632910583575
3SE8_HL_G;GH56A;0.35707737351194735
3SE8_HL_G;VH58A;1.2496156887688918
3SE8_HL_G;SH59A;1.150776229141562
3SE8_HL_G;YH60A;0.8558012349503552
3SE8_HL_G;RH62A;1.2061021696728302
3SE8_HL_G;QH63A;1.1143631159169471
3SE8_HL_G;QH65A;0.5497744908377937
3SE8_HL_G;RH72A;2.6443154103090114
3SE8_HL_G;QH76A;0.09689446608822186
3SE8_HL_G;PH78A;0.01881682479637115
3SE8_HL_G;PH81A;-0.07091591587224974
3SE8_HL_G;DH110A;-0.3893273540878648
3SE8_HL_G;YH111A;0.8298755732872649
3SE8_HL_G;DH114A;-0.2441262388551188
3SE8_HL_G;FH115A;1.067545027602677
3SE8_HL_G;EL1A;-0.5564864765060442
3SE8_HL_G;QL27A;-0.21611703110499575
3SE8_HL_G;NL30A;0.19433843425724828
3SE8_HL_G;DL49A;0.8558012349503552
3SE8_HL_G;FL90A;-0.8640491637682588
3SE8_HL_G;EL91A;1.5134069475765735
3SE8_HL_G;FL92A;0.8322791269309039
3SE9_HL_G;LH34A;0.5659683951172853
3SE9_HL_G;WH48A;1.058387598025507
3SE9_HL_G;WH51A;1.2756240606990459
3SE9_HL_G;VH55A;-0.8592516133795477
3SE9_HL_G;TH56A;-0.8592516133795477
3SE9_HL_G;GH57A;0.45241965307824816
3SE9_HL_G;VH59A;0.9833049569552731
3SE9_HL_G;NH60A;1.5216769872403377
3SE9_HL_G;GH62A;0.046337426168677996
3SE9_HL_G;PH64A;-0.4419150515415597
3SE9_HL_G;RH67A;1.4694632085953618
3SE9_HL_G;RH74A;2.679108289569611
3SE9_HL_G;RH76A;-0.23220328710269228
3SE9_HL_G;DH77A;-0.7664391248801693
3SE9_HL_G;YH104A;0.463673988006666
3SE9_HL_G;TH105A;-0.4419150515415597
3SE9_HL_G;GH106A;-0.3075626872622145
3SE9_HL_G;GH107A;-0.615125374524429
3SE9_HL_G;GH109A;0.1851332747352957
3SE9_HL_G;VL3A;-0.4943036782749274
3SE9_HL_G;YL28A;1.1176573212346186
3SE9_HL_G;GL29A;0.463673988006666
3SE9_HL_G;LL89A;0.9641894026126373
3SE9_HL_G;EL90A;0.41733656183798795
3SE9_HL_G;FL91A;0.02361437518508208
1JTD_A_B;NB12A;1.3010951459177944
1JTD_A_B;DB14A;1.507346320184403
1JTD_A_B;WB15A;1.3923760752010115
1JTD_A_B;TB19A;0.2950388202044307
1JTD_A_B;YB35A;3.150233118741069
1JTD_A_B;FB36A;2.550001195917994
1JTD_A_B;LB53A;0.6667719829199859
1JTD_A_B;NB74A;1.2093571313786171
1JTD_A_B;YB75A;0.48019550613086087
1JTD_A_B;DB93A;1.9888305187057036
1JTD_A_B;WB114A;3.254562685713802
1JTD_A_B;DB129A;0.9603910122617217
1JTD_A_B;SB131A;0.151551950675873
1JTD_A_B;DB132A;-0.5487857697193423
1JTD_A_B;YB153A;3.2984460119052073
1JTD_A_B;DB168A;-1.0609973928523637
1JTD_A_B;YB170A;2.02624215294286
1JTD_A_B;FB171A;2.199607732227341
1JTD_A_B;IB191A;2.888935373683154
1JTD_A_B;FB192A;3.9598590992494875
1JTD_A_B;YB210A;0.8239757709628035
1JTD_A_B;EB230A;1.8491379728232746
1JTD_A_B;WB231A;5.808813605051357
1JTD_A_B;RB248A;0.8878975070810766
1JTD_A_B;NB266A;2.668677901519792
3QHY_A_B;NB10A;2.254130114269892
3QHY_A_B;DB12A;2.254130114269892
3QHY_A_B;WB13A;2.862254667374741
3QHY_A_B;TB17A;0.05643829655787785
3QHY_A_B;YB33A;2.901746226193915
3QHY_A_B;FB34A;3.982491940236429
3QHY_A_B;LB51A;0.8159443479435583
3QHY_A_B;NB72A;1.6048969789643548
3QHY_A_B;YB73A;0.8008247030784675
3QHY_A_B;DB91A;1.8884402364491608
3QHY_A_B;WB112A;3.7879669693434934
3QHY_A_B;DB127A;0.3800762945678567
3QHY_A_B;SB129A;-0.0847377254733533
3QHY_A_B;DB130A;0.9608781812893598
3QHY_A_B;YB151A;3.4218702526749523
3QHY_A_B;DB166A;3.4963450883356755
3QHY_A_B;YB168A;1.74252130393398
3QHY_A_B;FB169A;2.0614299642962735
3QHY_A_B;IB189A;3.0661914717770387
3QHY_A_B;FB190A;3.073932156115707
3QHY_A_B;YB208A;0.24009775306543044
3QHY_A_B;EB228A;3.0114204327814855
3QHY_A_B;WB229A;5.42976624891736
3QHY_A_B;RB246A;0.5346366543548211
3QHY_A_B;NB264A;2.6945146644190987
1OHZ_A_B;SB11A,TB12A;0.09035601512637284
1OHZ_A_B;SB45A,TB46A;0.09035601512637284
1OHZ_A_B;SB11A,TB12A,SB45A,TB46A;0.0
1OHZ_A_B;SB11Q,SB45Q;2.4775903915267934
1OHZ_A_B;SB11L,TB12L,SB45Q;3.4086779024260667
2CCL_A_B;AB48S,AB49T;-0.09035601512637283
5K39_A_B;MB108A;-0.5096696157538736
5K39_A_B;MB112A;-0.24864399147962365
5K39_A_B;SB115A;0.4803229502194391
5K39_A_B;FB142A;2.8984634140168075
5K39_A_B;IB148A;2.1897459809859012
5M2O_A_B;IB17A;2.0933071194141566
5M2O_A_B;SB18A;0.048598921676134076
5M2O_A_B;VB21A;2.524578771997894
5M2O_A_B;QB25A;1.1827357375707213
5M2O_A_B;KB32A;1.0987652408515438
5M2O_A_B;QB61A;-0.1629626210198585
5M2O_A_B;LB65A;0.8787545485441399
5M2O_A_B;VB21A,QB25A;3.4272024631726663
5M2O_A_B;NA64A;0.04323612848889779
5M2O_A_B;NA71A;0.15996173228875393
5M2O_A_B;KA73A;-0.7820875239228277
5M2O_A_B;LA75A;1.6807863682810888
5M2O_A_B;EA80A;0.7229759443354233
5M2O_A_B;HA117A;0.9122068556394216
5M2O_A_B;NA120A;0.4647603105578136
5M2O_A_B;EA80A,HA117A;2.6135600265261973
5M2O_A_B;NA71A,HA117A;2.3623679514459552
5M2O_A_B;NA71A,NA120A;2.5407159554032237
5M2O_A_B;NA71A,EA80A;1.0629351908255689
5M2O_A_B;EA80A,NA120A;1.2509737575553974
5M2O_A_B;HA117A,NA120A;2.416255102569941
1YCS_A_B;RA177H;-0.11683418152179524
1YCS_A_B;MA37L,VA107A,NA143Y,NA172D;-0.13657229043313918
1YCS_A_B;MA37L,VA107A,NA143Y,NA172D,VA47A;0.14040899921846386
1YCS_A_B;MA37L,VA107A,NA143Y,NA172D,RA153S,HA72R;0.5008250483953227
1YCS_A_B;MA37L,VA107A,NA143Y,NA172D,FA174L;-0.18540963812433386
1YCS_A_B;MA37L,VA107A,NA143Y,NA172D,RA186W;0.05065962915140819
3EG5_A_B;HA104F;-2.0493978382797335
3EG5_A_B;TB73N,SB74N,HB75N;1.035380293064853
3EG5_A_B;TB73N,SB74N,HB75N,HA104F;-1.304489377474453
5XCO_A_B;DA13C;0.8108344583149847
5XCO_A_B;DA13G;1.1099284122167685
5XCO_A_B;PB6A;1.0784792209828464
5XCO_A_B;LB7A;2.7466007860003425
5XCO_A_B;YB8A;1.363484788245565
5XCO_A_B;IB9A;2.7959755325640003
5XCO_A_B;SB10A;1.2853633765173114
5XCO_A_B;YB11A;1.89937886076978
5XCO_A_B;DB12A;2.7959755325640003
5XCO_A_B;PB13A;0.6348158035584144
5XCO_A_B;VB14A;0.0
5XCO_A_B;DA13C,PB6A;2.4087504116974463
5XCO_A_B;DA13C,LB7A;2.7959755325640003
5XCO_A_B;DA13C,YB8A;2.617674971632154
5XCO_A_B;DA13C,IB9A;2.7959755325640003
5XCO_A_B;DA13C,SB10A;2.463114611845189
5XCO_A_B;DA13C,YB11A;2.7959755325640003
5XCO_A_B;DA13C,DB12A;2.7959755325640003
5XCO_A_B;DA13C,PB13A;1.74670434308531
5XCO_A_B;DA13C,VB14A;0.8595320705341938
5XCO_A_B;DA13G,PB6A;2.4526337378888514
5XCO_A_B;DA13G,LB7A;2.7959755325640003
5XCO_A_B;DA13G,YB8A;2.7401290940460936
5XCO_A_B;DA13G,IB9A;2.7959755325640003
5XCO_A_B;DA13G,SB10A;2.790024186794107
5XCO_A_B;DA13G,YB11A;2.7959755325640003
5XCO_A_B;DA13G,DB12A;2.7959755325640003
5XCO_A_B;DA13G,PB13A;2.121255055540204
5XCO_A_B;DA13G,VB14A;1.3221549542373991
5UFE_A_B;GA12D;-1.2732674936422654
5UFE_A_B;GA12C;-0.3961803602708961
5UFE_A_B;GA12V;-0.7275590426195434
5UFQ_A_C;DA12G;1.2732674936422654
5UFQ_A_C;DA12C;0.9819262553075445
5UFQ_A_C;DA12V;0.6505475729588972
5UFE_A_B;QB25R;0.29227554474534373
5UFE_A_B;QB25R,EB33G,DB34G;0.09747103934016292
5UFE_A_B;GA12D,QB25R;-0.9746138146466939
5UFE_A_B;GA12D,QB25R,EB33G,DB34G;-0.9220731132019427
5UFQ_A_C;DA12G,QC25R,KC55G;1.513123477419522
5UFQ_A_C;QC25R,KC55G;0.24623411802748418
5TAR_A_B;TA183A,KA184E;2.7295385780029466
5TAR_A_B;FB13A;0.23145301676536736
5TAR_A_B;MB18A;-0.21489591056667207
5TAR_A_B;WB30A;0.6590679202406068
5TAR_A_B;EB86A;1.1259560366919514
5TAR_A_B;WB88A;0.38412753444983716
5TAR_A_B;QB114A;0.15733717106392311
5TAR_A_B;IB127A;-0.026322285443629505
5TAR_A_B;FB131A;0.24861810034714008
4L0P_A_B;TA11K;0.0
4L0P_A_B;SA20F;0.05643829655787785
4L0P_A_B;EA27K;2.664579934163359
4L0P_A_B;NA59S;0.3142135987668747
4L0P_A_B;TA76Q;1.4714472127458305
4L0P_A_B;TA140N;0.278314491328302
1KBH_A_B;YB1172W,IB1126V;0.8121268286686585
1KBH_A_B;YB1172W,LB1131A;0.09623622112659207
1KBH_A_B;YB1172W,LB1134A;0.7467837940854891
1KBH_A_B;YB1172W,LB1138A;0.7850005323483608
1KBH_A_B;YB1172W,VB1150A;1.3806498718273377
1KBH_A_B;YB1172W,LB1151A;2.978565825209799
1KBH_A_B;YB1172W,LB1160A;2.590464088461915
1KBH_A_B;YB1172W,AB1163G;0.6952596661431013
1KBH_A_B;YB1172W,IB1165V;0.6084478442596136
1KBH_A_B;YB1172W,VB1173A;0.4104498198934667
1KBH_A_B;YB1172W,LA902A;1.68986636144778
1KBH_A_B;YB1172W,LA903A;1.990343045504287
1KBH_A_B;YB1172W,LA909A;1.0781624764341367
1KBH_A_B;YB1172W,LA910A;2.837827624950597
1KBH_A_B;YB1172W,AA915G;0.6952596661431013
1KBH_A_B;YB1172W,LA918A;2.1576661854228654
1KBH_A_B;YB1172W,IA921V;1.2692940058356548
1KBH_A_B;YB1172W,LA925A;2.7928322722921117
1KBH_A_B;YB1172W,IA927V;1.3275856808069921
1KBH_A_B;YB1172W,VA931A;0.39277227074990023
1KBH_A_B;YB1172W;0.31375571444582745
1KBH_A_B;YB1172W,IB1126V,LA903A;2.7128700075366856
1KBH_A_B;YB1172W,IB1126V,LA902A;2.59265319971551
1KBH_A_B;YB1172W,IB1126V,IA921V;2.1930291643325615
1KBH_A_B;YB1172W,IB1126V,VA931A;1.3257323023935326
1KBH_A_B;YB1172W,IB1126V,LA909A;2.0478789400032835
1KBH_A_B;YB1172W,IB1126V,IA927V;2.12005647327127
1KBH_A_B;YB1172W,LB1131A,LA902A;1.3458072391019984
1KBH_A_B;YB1172W,LB1131A,LA903A;1.6868477283023
1KBH_A_B;YB1172W,LB1131A,LA909A;1.7544599288764855
1KBH_A_B;YB1172W,LB1131A,IA921V;1.6858380879559238
1KBH_A_B;YB1172W,LB1131A,VA931A;0.5790576912934534
1KBH_A_B;YB1172W,LB1131A,IA927V;1.5539553309107725
1KBH_A_B;YB1172W,LB1131A,AA915G;0.9599608241427695
1KBH_A_B;YB1172W,LB1134A,LA909A;2.644905236685875
1KBH_A_B;YB1172W,LB1134A,LA902A;2.666511922564588
1KBH_A_B;YB1172W,LB1134A,LA903A;2.21823100683132
1KBH_A_B;YB1172W,LB1134A,IA921V;2.347067419233657
1KBH_A_B;YB1172W,LB1134A,IA927V;2.3633812311605977
1KBH_A_B;YB1172W,LB1134A,AA915G;2.382382452398645
1KBH_A_B;YB1172W,LB1138A,LA909A;2.3234456123883342
1KBH_A_B;YB1172W,LB1138A,IA921V;2.295242476491966
1KBH_A_B;YB1172W,LB1138A,LA902A;2.62455430187421
1KBH_A_B;YB1172W,LB1138A,LA903A;2.2843100936157783
1KBH_A_B;YB1172W,LB1138A,AA915G;2.2502471238334802
1KBH_A_B;YB1172W,LB1138A,IA927V;2.3916592048352263
1KBH_A_B;YB1172W,VB1150A,IA927V;2.837827624950597
1KBH_A_B;YB1172W,VB1150A,IA921V;3.150339630823323
1KBH_A_B;YB1172W,VB1150A,VA931A;1.8436802943764257
1KBH_A_B;YB1172W,VB1150A,LA909A;2.7786388224148086
1KBH_A_B;YB1172W,VB1150A,LA902A;3.432898971294671
1KBH_A_B;YB1172W,VB1150A,LA903A;3.4485515280778607
1KBH_A_B;YB1172W,VB1150A,AA915G;2.347067419233657
1KBH_A_B;YB1172W,LB1151A,IA921V;3.597940205037973
1KBH_A_B;YB1172W,LB1151A,VA931A;2.891634121977649
1KBH_A_B;YB1172W,LB1151A,LA902A;3.6587272647375304
1KBH_A_B;YB1172W,LB1151A,AA915G;3.2639551189702485
1KBH_A_B;YB1172W,LB1151A,IA927V;3.556513952578126
1KBH_A_B;YB1172W,LB1151A,LA909A;3.4168214066956972
1KBH_A_B;YB1172W,LB1160A,VA931A;3.152890190056001
1KBH_A_B;YB1172W,LB1160A,LA909A;3.7879669693434934
1KBH_A_B;YB1172W,LB1160A,LA902A;4.270737061789643
1KBH_A_B;YB1172W,LB1160A,AA915G;4.006386118045443
1KBH_A_B;YB1172W,AB1163G,LA902A;2.664579934163359
1KBH_A_B;YB1172W,AB1163G,LA903A;2.5353402295573964
1KBH_A_B;YB1172W,AB1163G,LA909A;2.0255308568577006
1KBH_A_B;YB1172W,AB1163G,IA921V;2.036810320172694
1KBH_A_B;YB1172W,AB1163G,IA927V;2.171175986288661
1KBH_A_B;YB1172W,AB1163G,AA915G;1.6000889977282746
1KBH_A_B;YB1172W,AB1163G,VA931A;1.2069043635078842
1KBH_A_B;YB1172W,IB1165V,LA909A;1.8264013678798174
1KBH_A_B;YB1172W,IB1165V,VA931A;1.0220060908169293
1KBH_A_B;YB1172W,IB1165V,IA921V;1.9775161052788712
1KBH_A_B;YB1172W,IB1165V,LA902A;2.438820748956523
1KBH_A_B;YB1172W,IB1165V,LA903A;2.9682272788396995
1KBH_A_B;YB1172W,IB1165V,IA927V;2.356909539206348
1KBH_A_B;YB1172W,IB1165V,AA915G;1.3529417099801524
1KBH_A_B;YB1172W,VB1173A,VA931A;0.9530349683520981
1KBH_A_B;YB1172W,VB1173A,IA927V;1.7877062502293872
1KBH_A_B;YB1172W,VB1173A,IA921V;1.5894829723565513
1KBH_A_B;YB1172W,VB1173A,LA909A;1.5589842691592788
1KBH_A_B;YB1172W,VB1173A,LA903A;2.5305062931647373
1KBH_A_B;YB1172W,VB1173A,LA902A;2.079895057005444
1KBH_A_B;YB1172W,VB1173A,LA910A;3.3775171494500267
1KBH_A_B;QA896W;0.02502321873380945
1KBH_A_B;LA930W;0.6788703644756697
2KSO_A_B;KA10D;0.33137868234864737
2KSO_A_B;KA49D;1.3402600892186525
2KSO_A_B;KA49E;1.3402600892186525
2KSO_A_B;KA10D,DB25K;0.3872251208665543
2KSO_A_B;KA10E,EB27K;0.6429067712079148
2KSO_A_B;KA49D,DB36K;0.17601865475657028
2KSO_A_B;RA43E;-0.6620460686121359
2KSO_A_B;RA43E,HB20R;-0.8208996397869334
2KSO_A_B;RA43E,HB20E;0.4543331460848723
2KSO_A_B;HB20E;-0.15536002759207715
1YQV_HL_Y;RY45K;1.8666086552224408
1YQV_HL_Y;RY68K,TY40S,IY55V,SY91T,QY121H;0.03358722274804014
1YQV_HL_Y;RY68K,TY40S,IY55V,SY91T;5.167214571562913
2WPT_A_B;DA30A,FB79A;-0.16460295448717516
2WPT_A_B;SB77A,NA31A;-0.4370347595528436
3QIB_ABP_CD;RC89P;-0.11930838833974881
3QIB_ABP_CD;NC94P;0.7864170885075906
3QIB_ABP_CD;LD95P;-0.3695377928639484
3QIB_ABP_CD;QA57A;0.2647011579996683
3QIB_ABP_CD;AA61G;0.8918403898400296
3QIB_ABP_CD;AA64G;0.6096931736769495
3QIB_ABP_CD;KA67A;0.5658098474855439
3QIB_ABP_CD;AA68G;0.8446417297770318
3QIB_ABP_CD;EA75A;0.0
3QIB_ABP_CD;EB57A;0.0
3QIB_ABP_CD;SB61A;0.0263222854436295
3QIB_ABP_CD;QB62A;1.763069093753649
3QIB_ABP_CD;EB64A;1.2122019372878856
3QIB_ABP_CD;EB67A;1.8205034442380446
3QIB_ABP_CD;AB71G;2.2029321520860643
3QIB_ABP_CD;DB74A;0.8624713667395141
3QIB_ABP_CD;TB75A;0.7494693039930964
3QIB_ABP_CD;HB79A;0.051524127942387976
3QIB_ABP_CD;KA67A,EB64A;1.5062898454711697
3QIB_ABP_CD;YP6A;3.1374193963845967
3QIB_ABP_CD;YP6F;0.1079624245002658
3QIB_ABP_CD;KP8A;3.1374193963845967
3QIB_ABP_CD;KP8R;2.235908555974886
3QIB_ABP_CD;TP11A;3.1374193963845967
3QIB_ABP_CD;TP11S;1.07518139841321
3QIB_ABP_CD;TP11N;1.2232190721886769
3QIB_ABP_CD;YP6F,TP11S;1.2163574204444412
